Feature,Importance,Std
away_rest_days,0.03371647509578546,0.020331799481105892
home_shots_for_ewm10,0.031417624521072815,0.014004342438695057
away_shots_for_ewm10,0.024521072796934884,0.018068699038393258
home_history_n,0.0206896551724138,0.003907294646431253
home_shots_against_ewm10,0.01762452107279696,0.012497706076858305
away_points_l5,0.01532567049808431,0.006853848206895897
away_goals_against_l5,0.0145593869731801,0.019446095847432215
home_points_l5,0.01302681992337167,0.005734340822642061
away_shots_against_ewm10,0.011494252873563237,0.011365821436161942
home_goals_for_l5,0.005363984674329525,0.007508014537266435
away_goal_diff_l10,0.004597701149425315,0.01668317322381398
away_clean_sheet_l10,0.002298850574712674,0.007889371755545597
away_history_n,0.002298850574712663,0.0039072946464312535
away_goals_for_l5,0.002298850574712663,0.00788937175554559
Unnamed: 120,0.0,0.0
Unnamed: 119,0.0,0.0
PPD,0.0,0.0
PPH,0.0,0.0
PPCH,0.0,0.0
PPA,0.0,0.0
SKBA,0.0,0.0
SKBD,0.0,0.0
SKBH,0.0,0.0
SKBCA,0.0,0.0
SKBCD,0.0,0.0
PPCD,0.0,0.0
PPCA,0.0,0.0
SKBCH,0.0,0.0
HomeRestDays,0.0,0.0
AwayTeamPointsLast5,0.0,0.0
AwayRestDays,0.0,0.0
HomeTeamPointsLast5,0.0,0.0
home_rest_days,-0.006130268199233702,0.014253697500182573
home_goal_diff_l10,-0.013793103448275834,0.012959030287576837
home_clean_sheet_l10,-0.015325670498084277,0.008736976437541287
home_goals_against_l5,-0.018390804597701114,0.009195402298850585
