Feature,Mean_SHAP
away_shots_for_ewm10,0.35201994
home_shots_for_ewm10,0.2970173
away_rest_days,0.29211128
away_goal_diff_l10,0.23783211
home_rest_days,0.23340094
away_history_n,0.22031468
away_shots_against_ewm10,0.21574242
home_shots_against_ewm10,0.2147984
home_goal_diff_l10,0.20360804
home_history_n,0.16853718
home_points_l5,0.14626382
home_goals_for_l5,0.13699062
away_clean_sheet_l10,0.1237021
away_points_l5,0.11948457
home_goals_against_l5,0.11094003
away_goals_for_l5,0.110586755
away_goals_against_l5,0.10815495
home_clean_sheet_l10,0.077252805
Unnamed: 120,0.0
Unnamed: 119,0.0
PPD,0.0
PPH,0.0
SKBCA,0.0
SKBCD,0.0
PPCH,0.0
PPCD,0.0
PPCA,0.0
SKBCH,0.0
SKBH,0.0
PPA,0.0
SKBD,0.0
SKBA,0.0
HomeTeamPointsLast5,0.0
AwayTeamPointsLast5,0.0
HomeRestDays,0.0
AwayRestDays,0.0
