match_id	league_id	season	match_date	kickoff_utc	status	home_team_id_provider	away_team_id_provider	home_team_name_provider	away_team_name_provider	home_team	away_team	score_home	score_away	round_name	observed_at	provider_schema_version	league_key	fixture_id	home_team_id	away_team_id
m_2qqBx6	l_2L6d1F	2026/2027	2026-08-07	2026-08-07T18:45:00+00:00	finished	t_1mTmMO	t_3F5Qx8	Club Brugge	Kortrijk	Club Brugge	Kortrijk	3.0	0.0		2026-10-02T15:38:54.311444+00:00	2	belgium	fx:3c53806107cedb3f2cf9	belgium:club-brugge	belgium:kortrijk
m_2IEVeu	l_2L6d1F	2026/2027	2026-08-08	2026-08-08T16:15:00+00:00	finished	t_0xsWjs	t_4GqgXb	Standard Liège	Cercle Brugge	Standard Liège	Cercle Brugge	2.0	2.0		2026-10-02T15:38:54.311444+00:00	2	belgium	fx:773951bcbd3800d1b3d5	belgium:standard	belgium:cercle-brugge
m_2GIpjC	l_2L6d1F	2026/2027	2026-08-08	2026-08-08T18:45:00+00:00	finished	t_0wF6Y2	t_3pK6v1	Westerlo	Union St.Gilloise	Westerlo	Union St.Gilloise	1.0	5.0		2026-10-02T15:38:54.311444+00:00	2	belgium	fx:bdaba77d42adbc23137e	belgium:westerlo	belgium:st-gilloise
m_2MB1HN	l_2L6d1F	2026/2027	2026-08-08	2026-08-08T18:45:00+00:00	finished	t_11R95l	t_2Ylrj9	St.Truiden	Lommel	St.Truiden	Lommel	1.0	1.0		2026-10-02T15:38:54.311444+00:00	2	belgium			
m_0SAZqY	l_2L6d1F	2026/2027	2026-08-09	2026-08-09T11:30:00+00:00	finished	t_3CeUfH	t_3HWU9N	Gent	KV Mechelen	Gent	KV Mechelen	2.0	0.0		2026-10-02T15:38:54.311444+00:00	2	belgium	fx:90c7fc8ad5a93720fa8d	belgium:gent	belgium:mechelen
m_3Z22xz	l_2L6d1F	2026/2027	2026-08-09	2026-08-09T14:00:00+00:00	finished	t_3UiOcj	t_3rAYPk	Sporting Charleroi	OH Leuven	Sporting Charleroi	OH Leuven	3.0	1.0		2026-10-02T15:38:54.311444+00:00	2	belgium			
m_4IlLVU	l_2L6d1F	2026/2027	2026-08-09	2026-08-09T14:00:00+00:00	finished	t_0n3xxl	t_3o2Gex	Zulte Waregem	Genk	Zulte Waregem	Genk	2.0	1.0		2026-10-02T15:38:54.311444+00:00	2	belgium	fx:464588acb7e7ae5de5e8	belgium:waregem	belgium:genk
m_1d9j4p	l_2L6d1F	2026/2027	2026-08-09	2026-08-09T16:30:00+00:00	finished	t_2J5yFC	t_1vesUg	Anderlecht	RAAL La Louvière	Anderlecht	RAAL La Louvière	2.0	1.0		2026-10-02T15:38:54.311444+00:00	2	belgium	fx:ebe88e5edcf36b4ab320	belgium:anderlecht	belgium:raal-la-louviere
m_43e02L	l_2L6d1F	2026/2027	2026-08-09	2026-08-09T17:15:00+00:00	finished	t_0E5vxj	t_0BmLrB	Royal Antwerp	SK Beveren	Royal Antwerp	SK Beveren	2.0	1.0		2026-10-02T15:38:54.311444+00:00	2	belgium			
m_3xB8vG	l_2L6d1F	2026/2027	2026-08-14	2026-08-14T18:45:00+00:00	finished	t_4GqgXb	t_11R95l	Cercle Brugge	St.Truiden	Cercle Brugge	St.Truiden	3.0	3.0		2026-10-02T15:38:54.311444+00:00	2	belgium	fx:047941380da95965ffae	belgium:cercle-brugge	belgium:st-truiden
m_2FnIY2	l_2L6d1F	2026/2027	2026-08-15	2026-08-15T14:00:00+00:00	finished	t_3pK6v1	t_0n3xxl	Union St.Gilloise	Zulte Waregem	Union St.Gilloise	Zulte Waregem	0.0	0.0		2026-10-02T15:38:54.311444+00:00	2	belgium	fx:ee8fc0866ebbd5b34069	belgium:st-gilloise	belgium:waregem
m_44y8ud	l_2L6d1F	2026/2027	2026-08-15	2026-08-15T16:15:00+00:00	finished	t_3F5Qx8	t_0E5vxj	Kortrijk	Royal Antwerp	Kortrijk	Royal Antwerp	0.0	3.0		2026-10-02T15:38:54.311444+00:00	2	belgium			
m_14PL3y	l_2L6d1F	2026/2027	2026-08-15	2026-08-15T18:45:00+00:00	finished	t_3rAYPk	t_1mTmMO	OH Leuven	Club Brugge	OH Leuven	Club Brugge	0.0	3.0		2026-10-02T15:38:54.311444+00:00	2	belgium			
m_1ZTUXr	l_2L6d1F	2026/2027	2026-08-15	2026-08-15T18:45:00+00:00	finished	t_3o2Gex	t_0wF6Y2	Genk	Westerlo	Genk	Westerlo	3.0	2.0		2026-10-02T15:38:54.311444+00:00	2	belgium	fx:70550ace60a5dba74293	belgium:genk	belgium:westerlo
m_3KfZmV	l_2L6d1F	2026/2027	2026-08-16	2026-08-16T11:30:00+00:00	finished	t_0BmLrB	t_2J5yFC	SK Beveren	Anderlecht	SK Beveren	Anderlecht	1.0	0.0		2026-10-02T15:38:54.311444+00:00	2	belgium			
m_4Q2Qwj	l_2L6d1F	2026/2027	2026-08-16	2026-08-16T14:00:00+00:00	finished	t_1vesUg	t_3CeUfH	RAAL La Louvière	Gent	RAAL La Louvière	Gent	1.0	2.0		2026-10-02T15:38:54.311444+00:00	2	belgium	fx:caa4cc586c9937eaa73f	belgium:raal-la-louviere	belgium:gent
m_4Gz1Ui	l_2L6d1F	2026/2027	2026-08-16	2026-08-16T16:30:00+00:00	finished	t_3HWU9N	t_0xsWjs	KV Mechelen	Standard Liège	KV Mechelen	Standard Liège	3.0	3.0		2026-10-02T15:38:54.311444+00:00	2	belgium	fx:4e9fca61d5d677b1f531	belgium:mechelen	belgium:standard
m_4epw3L	l_2L6d1F	2026/2027	2026-08-16	2026-08-16T17:15:00+00:00	finished	t_2Ylrj9	t_3UiOcj	Lommel	Sporting Charleroi	Lommel	Sporting Charleroi	0.0	1.0		2026-10-02T15:38:54.311444+00:00	2	belgium			
m_1o7fmU	l_2L6d1F	2026/2027	2026-08-21	2026-08-21T18:45:00+00:00	finished	t_0xsWjs	t_1vesUg	Standard Liège	RAAL La Louvière	Standard Liège	RAAL La Louvière	2.0	0.0		2026-10-02T15:38:54.311444+00:00	2	belgium	fx:dba7a19f050b097e95b6	belgium:standard	belgium:raal-la-louviere
m_0ZDrud	l_2L6d1F	2026/2027	2026-08-22	2026-08-22T14:00:00+00:00	finished	t_0n3xxl	t_0BmLrB	Zulte Waregem	SK Beveren	Zulte Waregem	SK Beveren	4.0	0.0		2026-10-02T15:38:54.311444+00:00	2	belgium			
m_22Vyqb	l_2L6d1F	2026/2027	2026-08-22	2026-08-22T16:15:00+00:00	finished	t_3UiOcj	t_3HWU9N	Sporting Charleroi	KV Mechelen	Sporting Charleroi	KV Mechelen	2.0	0.0		2026-10-02T15:38:54.311444+00:00	2	belgium			
m_0Yc9qU	l_2L6d1F	2026/2027	2026-08-22	2026-08-22T18:45:00+00:00	finished	t_0E5vxj	t_3o2Gex	Royal Antwerp	Genk	Royal Antwerp	Genk	4.0	4.0		2026-10-02T15:38:54.311444+00:00	2	belgium			
m_346e7G	l_2L6d1F	2026/2027	2026-08-23	2026-08-23T14:00:00+00:00	finished	t_2Ylrj9	t_0wF6Y2	Lommel	Westerlo	Lommel	Westerlo	4.0	0.0		2026-10-02T15:38:54.311444+00:00	2	belgium			
m_24hAyR	l_2L6d1F	2026/2027	2026-08-23	2026-08-23T16:30:00+00:00	finished	t_1mTmMO	t_4GqgXb	Club Brugge	Cercle Brugge	Club Brugge	Cercle Brugge	1.0	0.0		2026-10-02T15:38:54.311444+00:00	2	belgium	fx:0255480e1a30edfd897f	belgium:club-brugge	belgium:cercle-brugge
m_0liqUn	l_2L6d1F	2026/2027	2026-08-28	2026-08-28T18:45:00+00:00	finished	t_3o2Gex	t_0BmLrB	Genk	SK Beveren	Genk	SK Beveren	4.0	0.0		2026-10-02T15:38:54.311444+00:00	2	belgium			
m_1xg2uy	l_2L6d1F	2026/2027	2026-08-29	2026-08-29T14:00:00+00:00	finished	t_1vesUg	t_3HWU9N	RAAL La Louvière	KV Mechelen	RAAL La Louvière	KV Mechelen	2.0	2.0		2026-10-02T15:38:54.311444+00:00	2	belgium	fx:c1c07bf5dd9958d9dd4b	belgium:raal-la-louviere	belgium:mechelen
m_2V6qiy	l_2L6d1F	2026/2027	2026-08-29	2026-08-29T16:15:00+00:00	finished	t_3F5Qx8	t_3UiOcj	Kortrijk	Sporting Charleroi	Kortrijk	Sporting Charleroi	1.0	3.0		2026-10-02T15:38:54.311444+00:00	2	belgium			
m_13oGzD	l_2L6d1F	2026/2027	2026-08-29	2026-08-29T18:45:00+00:00	finished	t_3rAYPk	t_0xsWjs	OH Leuven	Standard Liège	OH Leuven	Standard Liège	1.0	2.0		2026-10-02T15:38:54.311444+00:00	2	belgium			
m_1kHbDU	l_2L6d1F	2026/2027	2026-08-29	2026-08-29T18:45:00+00:00	finished	t_4GqgXb	t_2Ylrj9	Cercle Brugge	Lommel	Cercle Brugge	Lommel	0.0	1.0		2026-10-02T15:38:54.311444+00:00	2	belgium			
m_2prt9f	l_2L6d1F	2026/2027	2026-08-30	2026-08-30T11:30:00+00:00	finished	t_3CeUfH	t_1mTmMO	Gent	Club Brugge	Gent	Club Brugge	2.0	1.0		2026-10-02T15:38:54.311444+00:00	2	belgium	fx:aadd319a99adb6a05c9c	belgium:gent	belgium:club-brugge
m_0u2SHj	l_2L6d1F	2026/2027	2026-08-30	2026-08-30T14:00:00+00:00	finished	t_0E5vxj	t_11R95l	Royal Antwerp	St.Truiden	Royal Antwerp	St.Truiden	1.0	4.0		2026-10-02T15:38:54.311444+00:00	2	belgium			
m_2GNYY9	l_2L6d1F	2026/2027	2026-08-30	2026-08-30T16:30:00+00:00	finished	t_3pK6v1	t_2J5yFC	Union St.Gilloise	Anderlecht	Union St.Gilloise	Anderlecht	3.0	0.0		2026-10-02T15:38:54.311444+00:00	2	belgium	fx:824b9ac3f116ac43b493	belgium:st-gilloise	belgium:anderlecht
m_1M7fgE	l_2L6d1F	2026/2027	2026-08-30	2026-08-30T17:15:00+00:00	finished	t_0wF6Y2	t_0n3xxl	Westerlo	Zulte Waregem	Westerlo	Zulte Waregem	2.0	2.0		2026-10-02T15:38:54.311444+00:00	2	belgium	fx:3f306d5a8b50851d12a7	belgium:westerlo	belgium:waregem
m_16fC8r	l_2L6d1F	2026/2027	2026-09-02	2026-09-02T18:30:00+00:00	finished	t_11R95l	t_3pK6v1	St.Truiden	Union St.Gilloise	St.Truiden	Union St.Gilloise	0.0	3.0		2026-10-02T15:38:54.311444+00:00	2	belgium	fx:60f03d2f0b4e241617c9	belgium:st-truiden	belgium:st-gilloise
m_21dm9h	l_2L6d1F	2026/2027	2026-09-03	2026-09-03T18:30:00+00:00	finished	t_3CeUfH	t_3rAYPk	Gent	OH Leuven	Gent	OH Leuven	1.0	0.0		2026-10-02T15:38:54.311444+00:00	2	belgium			
m_3vHcTH	l_2L6d1F	2026/2027	2026-09-03	2026-09-03T18:30:00+00:00	finished	t_2J5yFC	t_3F5Qx8	Anderlecht	Kortrijk	Anderlecht	Kortrijk	1.0	0.0		2026-10-02T15:38:54.311444+00:00	2	belgium	fx:2c91d3654eee574ae457	belgium:anderlecht	belgium:kortrijk
m_1d3Oek	l_2L6d1F	2026/2027	2026-09-04	2026-09-04T18:45:00+00:00	finished	t_2Ylrj9	t_1mTmMO	Lommel	Club Brugge	Lommel	Club Brugge	0.0	1.0		2026-10-02T15:38:54.311444+00:00	2	belgium			
m_0DTEnz	l_2L6d1F	2026/2027	2026-09-05	2026-09-05T14:00:00+00:00	finished	t_3UiOcj	t_3pK6v1	Sporting Charleroi	Union St.Gilloise	Sporting Charleroi	Union St.Gilloise	2.0	3.0		2026-10-02T15:38:54.311444+00:00	2	belgium			
m_4IUSWu	l_2L6d1F	2026/2027	2026-09-05	2026-09-05T16:15:00+00:00	finished	t_3HWU9N	t_0wF6Y2	KV Mechelen	Westerlo	KV Mechelen	Westerlo	0.0	4.0		2026-10-02T15:38:54.311444+00:00	2	belgium	fx:d70337f5ea605d154a4e	belgium:mechelen	belgium:westerlo
m_2IOzm7	l_2L6d1F	2026/2027	2026-09-05	2026-09-05T18:45:00+00:00	finished	t_11R95l	t_1vesUg	St.Truiden	RAAL La Louvière	St.Truiden	RAAL La Louvière	4.0	0.0		2026-10-02T15:38:54.311444+00:00	2	belgium	fx:a71071ecb521f4730f16	belgium:st-truiden	belgium:raal-la-louviere
m_2mHvxN	l_2L6d1F	2026/2027	2026-09-05	2026-09-05T18:45:00+00:00	finished	t_0xsWjs	t_0E5vxj	Standard Liège	Royal Antwerp	Standard Liège	Royal Antwerp	1.0	0.0		2026-10-02T15:38:54.311444+00:00	2	belgium			
m_0BWPts	l_2L6d1F	2026/2027	2026-09-06	2026-09-06T11:30:00+00:00	finished	t_4GqgXb	t_3CeUfH	Cercle Brugge	Gent	Cercle Brugge	Gent	0.0	3.0		2026-10-02T15:38:54.311444+00:00	2	belgium	fx:8356bb9bc17f48a44733	belgium:cercle-brugge	belgium:gent
m_3z5L2j	l_2L6d1F	2026/2027	2026-09-06	2026-09-06T14:00:00+00:00	finished	t_3F5Qx8	t_0n3xxl	Kortrijk	Zulte Waregem	Kortrijk	Zulte Waregem	0.0	2.0		2026-10-02T15:38:54.311444+00:00	2	belgium	fx:4dee6d3a2467e28ebcca	belgium:kortrijk	belgium:waregem
m_4G7TMV	l_2L6d1F	2026/2027	2026-09-06	2026-09-06T16:30:00+00:00	finished	t_2J5yFC	t_3o2Gex	Anderlecht	Genk	Anderlecht	Genk	0.0	0.0		2026-10-02T15:38:54.311444+00:00	2	belgium	fx:a0960f7a254635289f32	belgium:anderlecht	belgium:genk
m_4Vwxmn	l_2L6d1F	2026/2027	2026-09-06	2026-09-06T17:15:00+00:00	finished	t_0BmLrB	t_3rAYPk	SK Beveren	OH Leuven	SK Beveren	OH Leuven	3.0	0.0		2026-10-02T15:38:54.311444+00:00	2	belgium			
m_3JUER5	l_2L6d1F	2026/2027	2026-09-11	2026-09-11T18:45:00+00:00	finished	t_3HWU9N	t_2J5yFC	KV Mechelen	Anderlecht	KV Mechelen	Anderlecht	0.0	1.0		2026-10-02T15:38:54.311444+00:00	2	belgium	fx:43e65627c4b0ccf7fdf9	belgium:mechelen	belgium:anderlecht
m_4QjPnV	l_2L6d1F	2026/2027	2026-09-12	2026-09-12T14:00:00+00:00	finished	t_0BmLrB	t_11R95l	SK Beveren	St.Truiden	SK Beveren	St.Truiden	2.0	0.0		2026-10-02T15:38:54.311444+00:00	2	belgium			
m_1Glzgr	l_2L6d1F	2026/2027	2026-09-12	2026-09-12T16:15:00+00:00	finished	t_0wF6Y2	t_0xsWjs	Westerlo	Standard Liège	Westerlo	Standard Liège	4.0	2.0		2026-10-02T15:38:54.311444+00:00	2	belgium	fx:a3d9c10b7dcb781ad680	belgium:westerlo	belgium:standard
m_130DZF	l_2L6d1F	2026/2027	2026-09-12	2026-09-12T18:45:00+00:00	finished	t_3rAYPk	t_4GqgXb	OH Leuven	Cercle Brugge	OH Leuven	Cercle Brugge	1.0	1.0		2026-10-02T15:38:54.311444+00:00	2	belgium			
m_3DrEUT	l_2L6d1F	2026/2027	2026-09-12	2026-09-12T18:45:00+00:00	finished	t_3pK6v1	t_2Ylrj9	Union St.Gilloise	Lommel	Union St.Gilloise	Lommel	5.0	0.0		2026-10-02T15:38:54.311444+00:00	2	belgium			
m_1kTtUK	l_2L6d1F	2026/2027	2026-09-13	2026-09-13T11:30:00+00:00	finished	t_1mTmMO	t_0E5vxj	Club Brugge	Royal Antwerp	Club Brugge	Royal Antwerp	3.0	1.0		2026-10-02T15:38:54.311444+00:00	2	belgium			
m_2CQNIR	l_2L6d1F	2026/2027	2026-09-13	2026-09-13T14:00:00+00:00	finished	t_3o2Gex	t_3CeUfH	Genk	Gent	Genk	Gent	1.0	1.0		2026-10-02T15:38:54.311444+00:00	2	belgium	fx:ef57935613a294898755	belgium:genk	belgium:gent
m_1veLk4	l_2L6d1F	2026/2027	2026-09-13	2026-09-13T16:30:00+00:00	finished	t_0n3xxl	t_3UiOcj	Zulte Waregem	Sporting Charleroi	Zulte Waregem	Sporting Charleroi	0.0	1.0		2026-10-02T15:38:54.311444+00:00	2	belgium			
m_1TYoQo	l_2L6d1F	2026/2027	2026-09-13	2026-09-13T17:15:00+00:00	finished	t_1vesUg	t_3F5Qx8	RAAL La Louvière	Kortrijk	RAAL La Louvière	Kortrijk	3.0	0.0		2026-10-02T15:38:54.311444+00:00	2	belgium	fx:e2aea7d955c1f8b93073	belgium:raal-la-louviere	belgium:kortrijk
m_4E0SKE	l_2L6d1F	2026/2027	2026-09-18	2026-09-18T18:45:00+00:00	finished	t_3CeUfH	t_0xsWjs	Gent	Standard Liège	Gent	Standard Liège	2.0	1.0		2026-10-02T15:38:54.311444+00:00	2	belgium	fx:699c8e59315f7f98d3cf	belgium:gent	belgium:standard
m_11AyXg	l_2L6d1F	2026/2027	2026-09-19	2026-09-19T14:00:00+00:00	finished	t_3rAYPk	t_1vesUg	OH Leuven	RAAL La Louvière	OH Leuven	RAAL La Louvière	2.0	0.0		2026-10-02T15:38:54.311444+00:00	2	belgium			
m_4N9ROm	l_2L6d1F	2026/2027	2026-09-19	2026-09-19T16:15:00+00:00	finished	t_3UiOcj	t_4GqgXb	Sporting Charleroi	Cercle Brugge	Sporting Charleroi	Cercle Brugge	3.0	2.0		2026-10-02T15:38:54.311444+00:00	2	belgium			
m_2T0b1M	l_2L6d1F	2026/2027	2026-09-19	2026-09-19T18:45:00+00:00	finished	t_2Ylrj9	t_3HWU9N	Lommel	KV Mechelen	Lommel	KV Mechelen	0.0	0.0		2026-10-02T15:38:54.311444+00:00	2	belgium			
m_3DwvqE	l_2L6d1F	2026/2027	2026-09-19	2026-09-19T18:45:00+00:00	finished	t_2J5yFC	t_0n3xxl	Anderlecht	Zulte Waregem	Anderlecht	Zulte Waregem	3.0	0.0		2026-10-02T15:38:54.311444+00:00	2	belgium	fx:22e91949dd0a14fdaaa4	belgium:anderlecht	belgium:waregem
m_0O1lbl	l_2L6d1F	2026/2027	2026-09-20	2026-09-20T11:30:00+00:00	finished	t_0E5vxj	t_3pK6v1	Royal Antwerp	Union St.Gilloise	Royal Antwerp	Union St.Gilloise	0.0	2.0		2026-10-02T15:38:54.311444+00:00	2	belgium			
m_3JrilL	l_2L6d1F	2026/2027	2026-09-20	2026-09-20T14:00:00+00:00	finished	t_11R95l	t_0wF6Y2	St.Truiden	Westerlo	St.Truiden	Westerlo	0.0	2.0		2026-10-02T15:38:54.311444+00:00	2	belgium	fx:7d30683873c5d4d1d4a0	belgium:st-truiden	belgium:westerlo
m_4bztiB	l_2L6d1F	2026/2027	2026-09-20	2026-09-20T16:30:00+00:00	finished	t_1mTmMO	t_3o2Gex	Club Brugge	Genk	Club Brugge	Genk	3.0	0.0		2026-10-02T15:38:54.311444+00:00	2	belgium	fx:60700cbe9e33875a2712	belgium:club-brugge	belgium:genk
m_0QsJGC	l_2L6d1F	2026/2027	2026-09-20	2026-09-20T17:15:00+00:00	finished	t_3F5Qx8	t_0BmLrB	Kortrijk	SK Beveren	Kortrijk	SK Beveren	1.0	0.0		2026-10-02T15:38:54.311444+00:00	2	belgium			
m_0SvN1v	l_2L6d1F	2026/2027	2026-10-09	2026-10-09T18:45:00+00:00	not_started	t_0BmLrB	t_2Ylrj9	SK Beveren	Lommel	SK Beveren	Lommel				2026-10-02T15:53:31.714659+00:00	2	belgium	belgium:espn:401878976	belgium:beveren	belgium:lommel-sk
m_0GvgcM	l_2L6d1F	2026/2027	2026-10-10	2026-10-10T14:00:00+00:00	not_started	t_4GqgXb	t_2J5yFC	Cercle Brugge	Anderlecht	Cercle Brugge	Anderlecht				2026-10-02T15:53:31.714659+00:00	2	belgium	belgium:espn:401878977	belgium:cercle-brugge	belgium:anderlecht
m_2tVQiH	l_2L6d1F	2026/2027	2026-10-10	2026-10-10T16:15:00+00:00	not_started	t_1vesUg	t_1mTmMO	RAAL La Louvière	Club Brugge	RAAL La Louvière	Club Brugge				2026-10-02T15:53:31.714659+00:00	2	belgium	belgium:espn:401878978	belgium:raal-la-louviere	belgium:club-brugge
m_0mmlz2	l_2L6d1F	2026/2027	2026-10-10	2026-10-10T18:45:00+00:00	not_started	t_3o2Gex	t_3F5Qx8	Genk	Kortrijk	Genk	Kortrijk				2026-10-02T15:53:31.714659+00:00	2	belgium	belgium:espn:401878973	belgium:genk	belgium:kortrijk
m_2Mrz7V	l_2L6d1F	2026/2027	2026-10-10	2026-10-10T18:45:00+00:00	not_started	t_0n3xxl	t_3CeUfH	Zulte Waregem	Gent	Zulte Waregem	Gent				2026-10-02T15:53:31.714659+00:00	2	belgium	belgium:espn:401878974	belgium:waregem	belgium:gent
m_480fBH	l_2L6d1F	2026/2027	2026-10-11	2026-10-11T11:30:00+00:00	not_started	t_0xsWjs	t_3UiOcj	Standard Liège	Sporting Charleroi	Standard Liège	Sporting Charleroi				2026-10-02T15:53:31.714659+00:00	2	belgium	belgium:espn:401878971	belgium:standard	belgium:charleroi
m_3WOmX1	l_2L6d1F	2026/2027	2026-10-11	2026-10-11T14:00:00+00:00	not_started	t_3pK6v1	t_3rAYPk	Union St.Gilloise	OH Leuven	Union St.Gilloise	OH Leuven				2026-10-02T15:53:31.714659+00:00	2	belgium	belgium:espn:401878975	belgium:st-gilloise	belgium:leuven
m_4C8yUu	l_2L6d1F	2026/2027	2026-10-11	2026-10-11T16:30:00+00:00	not_started	t_0wF6Y2	t_0E5vxj	Westerlo	Royal Antwerp	Westerlo	Royal Antwerp				2026-10-02T15:53:31.714659+00:00	2	belgium	belgium:espn:401878970	belgium:westerlo	belgium:antwerp
m_4ejI3H	l_2L6d1F	2026/2027	2026-10-11	2026-10-11T17:15:00+00:00	not_started	t_3HWU9N	t_11R95l	KV Mechelen	St.Truiden	KV Mechelen	St.Truiden				2026-10-02T15:53:31.714659+00:00	2	belgium	belgium:espn:401878972	belgium:mechelen	belgium:st-truiden
m_4JyHOG	l_2L6d1F	2026/2027	2026-10-23	2026-10-23T18:45:00+00:00	not_started	t_3F5Qx8	t_3HWU9N	Kortrijk	KV Mechelen	Kortrijk	KV Mechelen				2026-10-02T15:53:31.714659+00:00	2	belgium	belgium:espn:401878967	belgium:kortrijk	belgium:mechelen
m_1hmK9X	l_2L6d1F	2026/2027	2026-10-24	2026-10-24T14:00:00+00:00	not_started	t_0E5vxj	t_3UiOcj	Royal Antwerp	Sporting Charleroi	Royal Antwerp	Sporting Charleroi				2026-10-02T15:53:31.714659+00:00	2	belgium	belgium:espn:401878968	belgium:antwerp	belgium:charleroi
m_0Zyf5p	l_2L6d1F	2026/2027	2026-10-24	2026-10-24T16:15:00+00:00	not_started	t_3rAYPk	t_2Ylrj9	OH Leuven	Lommel	OH Leuven	Lommel				2026-10-02T15:53:31.714659+00:00	2	belgium	belgium:espn:401878969	belgium:leuven	belgium:lommel-sk
m_0FU6Yt	l_2L6d1F	2026/2027	2026-10-24	2026-10-24T18:45:00+00:00	not_started	t_1vesUg	t_0n3xxl	RAAL La Louvière	Zulte Waregem	RAAL La Louvière	Zulte Waregem				2026-10-02T15:53:31.714659+00:00	2	belgium	belgium:espn:401878966	belgium:raal-la-louviere	belgium:waregem
m_2YcZH0	l_2L6d1F	2026/2027	2026-10-24	2026-10-24T18:45:00+00:00	not_started	t_0wF6Y2	t_0BmLrB	Westerlo	SK Beveren	Westerlo	SK Beveren				2026-10-02T15:53:31.714659+00:00	2	belgium	belgium:espn:401878965	belgium:westerlo	belgium:beveren
m_38393v	l_2L6d1F	2026/2027	2026-10-25	2026-10-25T12:30:00+00:00	not_started	t_3o2Gex	t_0xsWjs	Genk	Standard Liège	Genk	Standard Liège				2026-10-02T15:53:31.714659+00:00	2	belgium	belgium:espn:401878963	belgium:genk	belgium:standard
m_4DRPKr	l_2L6d1F	2026/2027	2026-10-25	2026-10-25T15:00:00+00:00	not_started	t_1mTmMO	t_11R95l	Club Brugge	St.Truiden	Club Brugge	St.Truiden				2026-10-02T15:53:31.714659+00:00	2	belgium	belgium:espn:401878964	belgium:club-brugge	belgium:st-truiden
m_0I7QGl	l_2L6d1F	2026/2027	2026-10-25	2026-10-25T17:30:00+00:00	not_started	t_3CeUfH	t_2J5yFC	Gent	Anderlecht	Gent	Anderlecht				2026-10-02T15:53:31.714659+00:00	2	belgium	belgium:espn:401878962	belgium:gent	belgium:anderlecht
m_1TLHOO	l_2L6d1F	2026/2027	2026-10-25	2026-10-25T18:15:00+00:00	not_started	t_3pK6v1	t_4GqgXb	Union St.Gilloise	Cercle Brugge	Union St.Gilloise	Cercle Brugge				2026-10-02T15:53:31.714659+00:00	2	belgium	belgium:espn:401878961	belgium:st-gilloise	belgium:cercle-brugge
m_2T8QnJ	l_2L6d1F	2026/2027	2026-10-30	2026-10-30T19:45:00+00:00	not_started	t_0n3xxl	t_1mTmMO	Zulte Waregem	Club Brugge	Zulte Waregem	Club Brugge				2026-10-02T15:53:31.714659+00:00	2	belgium	belgium:espn:401878956	belgium:waregem	belgium:club-brugge
m_1X9Ter	l_2L6d1F	2026/2027	2026-10-31	2026-10-31T15:00:00+00:00	not_started	t_3HWU9N	t_3o2Gex	KV Mechelen	Genk	KV Mechelen	Genk				2026-10-02T15:53:31.714659+00:00	2	belgium	belgium:espn:401878958	belgium:mechelen	belgium:genk
m_16NpKG	l_2L6d1F	2026/2027	2026-10-31	2026-10-31T17:15:00+00:00	not_started	t_0xsWjs	t_3F5Qx8	Standard Liège	Kortrijk	Standard Liège	Kortrijk				2026-10-02T15:53:31.714659+00:00	2	belgium	belgium:espn:401878953	belgium:standard	belgium:kortrijk
m_2B2TmU	l_2L6d1F	2026/2027	2026-10-31	2026-10-31T19:45:00+00:00	not_started	t_2J5yFC	t_0wF6Y2	Anderlecht	Westerlo	Anderlecht	Westerlo				2026-10-02T15:53:31.714659+00:00	2	belgium	belgium:espn:401878960	belgium:anderlecht	belgium:westerlo
m_3Uj2no	l_2L6d1F	2026/2027	2026-10-31	2026-10-31T19:45:00+00:00	not_started	t_0BmLrB	t_3pK6v1	SK Beveren	Union St.Gilloise	SK Beveren	Union St.Gilloise				2026-10-02T15:53:31.714659+00:00	2	belgium	belgium:espn:401878957	belgium:beveren	belgium:st-gilloise
m_0A4Iq5	l_2L6d1F	2026/2027	2026-11-01	2026-11-01T12:30:00+00:00	not_started	t_4GqgXb	t_0E5vxj	Cercle Brugge	Royal Antwerp	Cercle Brugge	Royal Antwerp				2026-10-02T15:53:31.714659+00:00	2	belgium	belgium:espn:401878959	belgium:cercle-brugge	belgium:antwerp
m_3bo24D	l_2L6d1F	2026/2027	2026-11-01	2026-11-01T15:00:00+00:00	not_started	t_11R95l	t_3rAYPk	St.Truiden	OH Leuven	St.Truiden	OH Leuven				2026-10-02T15:53:31.714659+00:00	2	belgium	belgium:espn:401878952	belgium:st-truiden	belgium:leuven
m_4CxQAt	l_2L6d1F	2026/2027	2026-11-01	2026-11-01T17:30:00+00:00	not_started	t_2Ylrj9	t_3CeUfH	Lommel	Gent	Lommel	Gent				2026-10-02T15:53:31.714659+00:00	2	belgium	belgium:espn:401878954	belgium:lommel-sk	belgium:gent
m_20rWJL	l_2L6d1F	2026/2027	2026-11-01	2026-11-01T18:15:00+00:00	not_started	t_3UiOcj	t_1vesUg	Sporting Charleroi	RAAL La Louvière	Sporting Charleroi	RAAL La Louvière				2026-10-02T15:53:31.714659+00:00	2	belgium	belgium:espn:401878955	belgium:charleroi	belgium:raal-la-louviere
m_2AeM1n	l_2L6d1F	2026/2027	2026-11-06	2026-11-06T19:45:00+00:00	not_started	t_0xsWjs	t_0BmLrB	Standard Liège	SK Beveren	Standard Liège	SK Beveren				2026-10-02T15:53:31.714659+00:00	2	belgium	belgium:espn:401878951	belgium:standard	belgium:beveren
m_49BmX0	l_2L6d1F	2026/2027	2026-11-07	2026-11-07T15:00:00+00:00	not_started	t_0wF6Y2	t_3UiOcj	Westerlo	Sporting Charleroi	Westerlo	Sporting Charleroi				2026-10-02T15:53:31.714659+00:00	2	belgium	belgium:espn:401878947	belgium:westerlo	belgium:charleroi
m_2mTlRY	l_2L6d1F	2026/2027	2026-11-07	2026-11-07T17:15:00+00:00	not_started	t_3rAYPk	t_3HWU9N	OH Leuven	KV Mechelen	OH Leuven	KV Mechelen				2026-10-02T15:53:31.714659+00:00	2	belgium	belgium:espn:401878949	belgium:leuven	belgium:mechelen
m_15S8J5	l_2L6d1F	2026/2027	2026-11-07	2026-11-07T19:45:00+00:00	not_started	t_1vesUg	t_4GqgXb	RAAL La Louvière	Cercle Brugge	RAAL La Louvière	Cercle Brugge				2026-10-02T15:53:31.714659+00:00	2	belgium	belgium:espn:401878948	belgium:raal-la-louviere	belgium:cercle-brugge
m_23nahk	l_2L6d1F	2026/2027	2026-11-07	2026-11-07T19:45:00+00:00	not_started	t_0E5vxj	t_2Ylrj9	Royal Antwerp	Lommel	Royal Antwerp	Lommel				2026-10-02T15:53:31.714659+00:00	2	belgium	belgium:espn:401878950	belgium:antwerp	belgium:lommel-sk
m_3j0Gh6	l_2L6d1F	2026/2027	2026-11-08	2026-11-08T12:30:00+00:00	not_started	t_1mTmMO	t_2J5yFC	Club Brugge	Anderlecht	Club Brugge	Anderlecht				2026-10-02T15:53:31.714659+00:00	2	belgium	belgium:espn:401878946	belgium:club-brugge	belgium:anderlecht
m_1IihxY	l_2L6d1F	2026/2027	2026-11-08	2026-11-08T15:00:00+00:00	not_started	t_3CeUfH	t_3F5Qx8	Gent	Kortrijk	Gent	Kortrijk				2026-10-02T15:53:31.714659+00:00	2	belgium	belgium:espn:401878945	belgium:gent	belgium:kortrijk
m_4Avmz7	l_2L6d1F	2026/2027	2026-11-08	2026-11-08T17:30:00+00:00	not_started	t_3pK6v1	t_3o2Gex	Union St.Gilloise	Genk	Union St.Gilloise	Genk				2026-10-02T15:53:31.714659+00:00	2	belgium	belgium:espn:401878943	belgium:st-gilloise	belgium:genk
m_1SGX0x	l_2L6d1F	2026/2027	2026-11-08	2026-11-08T18:15:00+00:00	not_started	t_11R95l	t_0n3xxl	St.Truiden	Zulte Waregem	St.Truiden	Zulte Waregem				2026-10-02T15:53:31.714659+00:00	2	belgium	belgium:espn:401878944	belgium:st-truiden	belgium:waregem
m_0h4svj	l_2L6d1F	2026/2027	2026-11-20	2026-11-20T19:45:00+00:00	not_started	t_4GqgXb	t_0wF6Y2	Cercle Brugge	Westerlo	Cercle Brugge	Westerlo				2026-10-02T15:53:31.714659+00:00	2	belgium	belgium:espn:401878937	belgium:cercle-brugge	belgium:westerlo
m_3TVwFX	l_2L6d1F	2026/2027	2026-11-21	2026-11-21T15:00:00+00:00	not_started	t_3UiOcj	t_11R95l	Sporting Charleroi	St.Truiden	Sporting Charleroi	St.Truiden				2026-10-02T15:53:31.714659+00:00	2	belgium	belgium:espn:401878940	belgium:charleroi	belgium:st-truiden
m_47zSbe	l_2L6d1F	2026/2027	2026-11-21	2026-11-21T17:15:00+00:00	not_started	t_3o2Gex	t_1vesUg	Genk	RAAL La Louvière	Genk	RAAL La Louvière				2026-10-02T15:53:31.714659+00:00	2	belgium	belgium:espn:401878939	belgium:genk	belgium:raal-la-louviere
m_1fI6f1	l_2L6d1F	2026/2027	2026-11-21	2026-11-21T19:45:00+00:00	not_started	t_0n3xxl	t_0E5vxj	Zulte Waregem	Royal Antwerp	Zulte Waregem	Royal Antwerp				2026-10-02T15:53:31.714659+00:00	2	belgium	belgium:espn:401878938	belgium:waregem	belgium:antwerp
m_3J0Hxd	l_2L6d1F	2026/2027	2026-11-21	2026-11-21T19:45:00+00:00	not_started	t_3HWU9N	t_1mTmMO	KV Mechelen	Club Brugge	KV Mechelen	Club Brugge				2026-10-02T15:53:31.714659+00:00	2	belgium	belgium:espn:401878935	belgium:mechelen	belgium:club-brugge
m_0FYEVK	l_2L6d1F	2026/2027	2026-11-22	2026-11-22T12:30:00+00:00	not_started	t_0BmLrB	t_3CeUfH	SK Beveren	Gent	SK Beveren	Gent				2026-10-02T15:53:31.714659+00:00	2	belgium	belgium:espn:401878942	belgium:beveren	belgium:gent
m_0pIsi0	l_2L6d1F	2026/2027	2026-11-22	2026-11-22T15:00:00+00:00	not_started	t_3F5Qx8	t_3pK6v1	Kortrijk	Union St.Gilloise	Kortrijk	Union St.Gilloise				2026-10-02T15:53:31.714659+00:00	2	belgium	belgium:espn:401878936	belgium:kortrijk	belgium:st-gilloise
m_2SxIxt	l_2L6d1F	2026/2027	2026-11-22	2026-11-22T17:30:00+00:00	not_started	t_2J5yFC	t_3rAYPk	Anderlecht	OH Leuven	Anderlecht	OH Leuven				2026-10-02T15:53:31.714659+00:00	2	belgium	belgium:espn:401878941	belgium:anderlecht	belgium:leuven
m_10jYg0	l_2L6d1F	2026/2027	2026-11-22	2026-11-22T18:15:00+00:00	not_started	t_2Ylrj9	t_0xsWjs	Lommel	Standard Liège	Lommel	Standard Liège				2026-10-02T15:53:31.714659+00:00	2	belgium	belgium:espn:401878934	belgium:lommel-sk	belgium:standard
m_3DtXWR	l_2L6d1F	2026/2027	2026-11-27	2026-11-27T19:45:00+00:00	not_started	t_3rAYPk	t_3F5Qx8	OH Leuven	Kortrijk	OH Leuven	Kortrijk				2026-10-02T15:53:31.714659+00:00	2	belgium	belgium:espn:401878930	belgium:leuven	belgium:kortrijk
m_2rCZIv	l_2L6d1F	2026/2027	2026-11-28	2026-11-28T15:00:00+00:00	not_started	t_0wF6Y2	t_1vesUg	Westerlo	RAAL La Louvière	Westerlo	RAAL La Louvière				2026-10-02T15:53:31.714659+00:00	2	belgium	belgium:espn:401878929	belgium:westerlo	belgium:raal-la-louviere
m_3iQK3N	l_2L6d1F	2026/2027	2026-11-28	2026-11-28T17:15:00+00:00	not_started	t_4GqgXb	t_3HWU9N	Cercle Brugge	KV Mechelen	Cercle Brugge	KV Mechelen				2026-10-02T15:53:31.714659+00:00	2	belgium	belgium:espn:401878932	belgium:cercle-brugge	belgium:mechelen
m_0lEnns	l_2L6d1F	2026/2027	2026-11-28	2026-11-28T19:45:00+00:00	not_started	t_2Ylrj9	t_0n3xxl	Lommel	Zulte Waregem	Lommel	Zulte Waregem				2026-10-02T15:53:31.714659+00:00	2	belgium	belgium:espn:401878931	belgium:lommel-sk	belgium:waregem
m_3yaq0f	l_2L6d1F	2026/2027	2026-11-28	2026-11-28T19:45:00+00:00	not_started	t_3UiOcj	t_0BmLrB	Sporting Charleroi	SK Beveren	Sporting Charleroi	SK Beveren				2026-10-02T15:53:31.714659+00:00	2	belgium	belgium:espn:401878933	belgium:charleroi	belgium:beveren
m_3B1YkJ	l_2L6d1F	2026/2027	2026-11-29	2026-11-29T12:30:00+00:00	not_started	t_11R95l	t_3o2Gex	St.Truiden	Genk	St.Truiden	Genk				2026-10-02T15:53:31.714659+00:00	2	belgium	belgium:espn:401878926	belgium:st-truiden	belgium:genk
m_2vgOAX	l_2L6d1F	2026/2027	2026-11-29	2026-11-29T15:00:00+00:00	not_started	t_0E5vxj	t_2J5yFC	Royal Antwerp	Anderlecht	Royal Antwerp	Anderlecht				2026-10-02T15:53:31.714659+00:00	2	belgium	belgium:espn:401878928	belgium:antwerp	belgium:anderlecht
m_14DPpA	l_2L6d1F	2026/2027	2026-11-29	2026-11-29T17:30:00+00:00	not_started	t_0xsWjs	t_1mTmMO	Standard Liège	Club Brugge	Standard Liège	Club Brugge				2026-10-02T15:53:31.714659+00:00	2	belgium	belgium:espn:401878927	belgium:standard	belgium:club-brugge
m_1Zlj70	l_2L6d1F	2026/2027	2026-11-29	2026-11-29T18:15:00+00:00	not_started	t_3pK6v1	t_3CeUfH	Union St.Gilloise	Gent	Union St.Gilloise	Gent				2026-10-02T15:53:31.714659+00:00	2	belgium	belgium:espn:401878925	belgium:st-gilloise	belgium:gent
m_0gX3Nz	l_2L6d1F	2026/2027	2026-12-11	2026-12-11T19:45:00+00:00	not_started	t_3o2Gex	t_3rAYPk	Genk	OH Leuven	Genk	OH Leuven				2026-10-02T15:53:31.714659+00:00	2	belgium			
m_1QPjLB	l_2L6d1F	2026/2027	2026-12-12	2026-12-12T15:00:00+00:00	not_started	t_3F5Qx8	t_2Ylrj9	Kortrijk	Lommel	Kortrijk	Lommel				2026-10-02T15:53:31.714659+00:00	2	belgium			
m_2Hy6xo	l_2L6d1F	2026/2027	2026-12-12	2026-12-12T17:15:00+00:00	not_started	t_1vesUg	t_0E5vxj	RAAL La Louvière	Royal Antwerp	RAAL La Louvière	Royal Antwerp				2026-10-02T15:53:31.714659+00:00	2	belgium			
m_1CvADY	l_2L6d1F	2026/2027	2026-12-12	2026-12-12T19:45:00+00:00	not_started	t_0BmLrB	t_4GqgXb	SK Beveren	Cercle Brugge	SK Beveren	Cercle Brugge				2026-10-02T15:53:31.714659+00:00	2	belgium			
m_4IDAhu	l_2L6d1F	2026/2027	2026-12-12	2026-12-12T19:45:00+00:00	not_started	t_0n3xxl	t_0xsWjs	Zulte Waregem	Standard Liège	Zulte Waregem	Standard Liège				2026-10-02T15:53:31.714659+00:00	2	belgium			
m_3pDLQw	l_2L6d1F	2026/2027	2026-12-13	2026-12-13T12:30:00+00:00	not_started	t_2J5yFC	t_3UiOcj	Anderlecht	Sporting Charleroi	Anderlecht	Sporting Charleroi				2026-10-02T15:53:31.714659+00:00	2	belgium			
m_0XQ3wo	l_2L6d1F	2026/2027	2026-12-13	2026-12-13T15:00:00+00:00	not_started	t_1mTmMO	t_0wF6Y2	Club Brugge	Westerlo	Club Brugge	Westerlo				2026-10-02T15:53:31.714659+00:00	2	belgium			
m_1tQuZj	l_2L6d1F	2026/2027	2026-12-13	2026-12-13T17:30:00+00:00	not_started	t_3HWU9N	t_3pK6v1	KV Mechelen	Union St.Gilloise	KV Mechelen	Union St.Gilloise				2026-10-02T15:53:31.714659+00:00	2	belgium			
m_2Dag49	l_2L6d1F	2026/2027	2026-12-13	2026-12-13T18:15:00+00:00	not_started	t_3CeUfH	t_11R95l	Gent	St.Truiden	Gent	St.Truiden				2026-10-02T15:53:31.714659+00:00	2	belgium			
m_3JESiX	l_2L6d1F	2026/2027	2026-12-18	2026-12-18T19:45:00+00:00	not_started	t_0E5vxj	t_3rAYPk	Royal Antwerp	OH Leuven	Royal Antwerp	OH Leuven				2026-10-02T15:53:31.714659+00:00	2	belgium			
m_2yjnsx	l_2L6d1F	2026/2027	2026-12-19	2026-12-19T15:00:00+00:00	not_started	t_0BmLrB	t_3HWU9N	SK Beveren	KV Mechelen	SK Beveren	KV Mechelen				2026-10-02T15:53:31.714659+00:00	2	belgium			
m_4XI8G8	l_2L6d1F	2026/2027	2026-12-19	2026-12-19T17:15:00+00:00	not_started	t_4GqgXb	t_0n3xxl	Cercle Brugge	Zulte Waregem	Cercle Brugge	Zulte Waregem				2026-10-02T15:53:31.714659+00:00	2	belgium			
m_0HtrBX	l_2L6d1F	2026/2027	2026-12-19	2026-12-19T19:45:00+00:00	not_started	t_2Ylrj9	t_1vesUg	Lommel	RAAL La Louvière	Lommel	RAAL La Louvière				2026-10-02T15:53:31.714659+00:00	2	belgium			
m_2IgIMQ	l_2L6d1F	2026/2027	2026-12-19	2026-12-19T19:45:00+00:00	not_started	t_3UiOcj	t_3o2Gex	Sporting Charleroi	Genk	Sporting Charleroi	Genk				2026-10-02T15:53:31.714659+00:00	2	belgium			
m_0LrGo9	l_2L6d1F	2026/2027	2026-12-20	2026-12-20T12:30:00+00:00	not_started	t_0xsWjs	t_2J5yFC	Standard Liège	Anderlecht	Standard Liège	Anderlecht				2026-10-02T15:53:31.714659+00:00	2	belgium			
m_0gZON3	l_2L6d1F	2026/2027	2026-12-20	2026-12-20T15:00:00+00:00	not_started	t_11R95l	t_3F5Qx8	St.Truiden	Kortrijk	St.Truiden	Kortrijk				2026-10-02T15:53:31.714659+00:00	2	belgium			
m_3upOb8	l_2L6d1F	2026/2027	2026-12-20	2026-12-20T17:30:00+00:00	not_started	t_3pK6v1	t_1mTmMO	Union St.Gilloise	Club Brugge	Union St.Gilloise	Club Brugge				2026-10-02T15:53:31.714659+00:00	2	belgium			
m_2jFKXx	l_2L6d1F	2026/2027	2026-12-20	2026-12-20T18:15:00+00:00	not_started	t_0wF6Y2	t_3CeUfH	Westerlo	Gent	Westerlo	Gent				2026-10-02T15:53:31.714659+00:00	2	belgium			
m_2JCyqT	l_2L6d1F	2026/2027	2026-12-26	2026-12-26T12:30:00+00:00	not_started	t_1mTmMO	t_3UiOcj	Club Brugge	Sporting Charleroi	Club Brugge	Sporting Charleroi				2026-10-02T15:53:31.714659+00:00	2	belgium			
m_0GKlEJ	l_2L6d1F	2026/2027	2026-12-26	2026-12-26T15:00:00+00:00	not_started	t_3F5Qx8	t_4GqgXb	Kortrijk	Cercle Brugge	Kortrijk	Cercle Brugge				2026-10-02T15:53:31.714659+00:00	2	belgium			
m_08IEyQ	l_2L6d1F	2026/2027	2026-12-26	2026-12-26T17:15:00+00:00	not_started	t_3rAYPk	t_0wF6Y2	OH Leuven	Westerlo	OH Leuven	Westerlo				2026-10-02T15:53:31.714659+00:00	2	belgium			
m_10cHSR	l_2L6d1F	2026/2027	2026-12-26	2026-12-26T19:45:00+00:00	not_started	t_0xsWjs	t_3pK6v1	Standard Liège	Union St.Gilloise	Standard Liège	Union St.Gilloise				2026-10-02T15:53:31.714659+00:00	2	belgium			
m_3RYglW	l_2L6d1F	2026/2027	2026-12-26	2026-12-26T19:45:00+00:00	not_started	t_1vesUg	t_0BmLrB	RAAL La Louvière	SK Beveren	RAAL La Louvière	SK Beveren				2026-10-02T15:53:31.714659+00:00	2	belgium			
m_2HgsHC	l_2L6d1F	2026/2027	2026-12-27	2026-12-27T12:30:00+00:00	not_started	t_2J5yFC	t_11R95l	Anderlecht	St.Truiden	Anderlecht	St.Truiden				2026-10-02T15:53:31.714659+00:00	2	belgium			
m_2vhUkQ	l_2L6d1F	2026/2027	2026-12-27	2026-12-27T15:00:00+00:00	not_started	t_3o2Gex	t_2Ylrj9	Genk	Lommel	Genk	Lommel				2026-10-02T15:53:31.714659+00:00	2	belgium			
m_33zHjW	l_2L6d1F	2026/2027	2026-12-27	2026-12-27T17:30:00+00:00	not_started	t_3CeUfH	t_0E5vxj	Gent	Royal Antwerp	Gent	Royal Antwerp				2026-10-02T15:53:31.714659+00:00	2	belgium			
m_2wch8O	l_2L6d1F	2026/2027	2026-12-27	2026-12-27T18:15:00+00:00	not_started	t_3HWU9N	t_0n3xxl	KV Mechelen	Zulte Waregem	KV Mechelen	Zulte Waregem				2026-10-02T15:53:31.714659+00:00	2	belgium			
m_4HG7Cn	l_2L6d1F	2026/2027	2027-01-15	2027-01-15T19:45:00+00:00	not_started	t_0BmLrB	t_1mTmMO	SK Beveren	Club Brugge	SK Beveren	Club Brugge				2026-10-02T15:53:31.714659+00:00	2	belgium			
m_1u0H7u	l_2L6d1F	2026/2027	2027-01-16	2027-01-16T15:00:00+00:00	not_started	t_2Ylrj9	t_2J5yFC	Lommel	Anderlecht	Lommel	Anderlecht				2026-10-02T15:53:31.714659+00:00	2	belgium			
m_2FCSBG	l_2L6d1F	2026/2027	2027-01-16	2027-01-16T17:15:00+00:00	not_started	t_3pK6v1	t_1vesUg	Union St.Gilloise	RAAL La Louvière	Union St.Gilloise	RAAL La Louvière				2026-10-02T15:53:31.714659+00:00	2	belgium			
m_04GgVN	l_2L6d1F	2026/2027	2027-01-16	2027-01-16T19:45:00+00:00	not_started	t_0E5vxj	t_3HWU9N	Royal Antwerp	KV Mechelen	Royal Antwerp	KV Mechelen				2026-10-02T15:53:31.714659+00:00	2	belgium			
m_2E2nlK	l_2L6d1F	2026/2027	2027-01-16	2027-01-16T19:45:00+00:00	not_started	t_0wF6Y2	t_3F5Qx8	Westerlo	Kortrijk	Westerlo	Kortrijk				2026-10-02T15:53:31.714659+00:00	2	belgium			
m_1GSYhd	l_2L6d1F	2026/2027	2027-01-17	2027-01-17T12:30:00+00:00	not_started	t_11R95l	t_0xsWjs	St.Truiden	Standard Liège	St.Truiden	Standard Liège				2026-10-02T15:53:31.714659+00:00	2	belgium			
m_0fYuaW	l_2L6d1F	2026/2027	2027-01-17	2027-01-17T15:00:00+00:00	not_started	t_4GqgXb	t_3o2Gex	Cercle Brugge	Genk	Cercle Brugge	Genk				2026-10-02T15:53:31.714659+00:00	2	belgium			
m_1z0ny8	l_2L6d1F	2026/2027	2027-01-17	2027-01-17T17:30:00+00:00	not_started	t_3UiOcj	t_3CeUfH	Sporting Charleroi	Gent	Sporting Charleroi	Gent				2026-10-02T15:53:31.714659+00:00	2	belgium			
m_2pSjAi	l_2L6d1F	2026/2027	2027-01-17	2027-01-17T18:15:00+00:00	not_started	t_0n3xxl	t_3rAYPk	Zulte Waregem	OH Leuven	Zulte Waregem	OH Leuven				2026-10-02T15:53:31.714659+00:00	2	belgium			
m_0AOvTc	l_2L6d1F	2026/2027	2027-01-23	2027-01-23T16:00:00+00:00	not_started	t_3rAYPk	t_11R95l	OH Leuven	St.Truiden	OH Leuven	St.Truiden				2026-10-02T15:53:31.714659+00:00	2	belgium			
m_0jxjNI	l_2L6d1F	2026/2027	2027-01-23	2027-01-23T16:00:00+00:00	not_started	t_3pK6v1	t_0BmLrB	Union St.Gilloise	SK Beveren	Union St.Gilloise	SK Beveren				2026-10-02T15:53:31.714659+00:00	2	belgium			
m_0x9eWS	l_2L6d1F	2026/2027	2027-01-23	2027-01-23T16:00:00+00:00	not_started	t_3o2Gex	t_0n3xxl	Genk	Zulte Waregem	Genk	Zulte Waregem				2026-10-02T15:53:31.714659+00:00	2	belgium			
m_18ETqu	l_2L6d1F	2026/2027	2027-01-23	2027-01-23T16:00:00+00:00	not_started	t_3F5Qx8	t_2J5yFC	Kortrijk	Anderlecht	Kortrijk	Anderlecht				2026-10-02T15:53:31.714659+00:00	2	belgium			
m_1H2THR	l_2L6d1F	2026/2027	2027-01-23	2027-01-23T16:00:00+00:00	not_started	t_3CeUfH	t_4GqgXb	Gent	Cercle Brugge	Gent	Cercle Brugge				2026-10-02T15:53:31.714659+00:00	2	belgium			
m_2esQBp	l_2L6d1F	2026/2027	2027-01-23	2027-01-23T16:00:00+00:00	not_started	t_3UiOcj	t_0E5vxj	Sporting Charleroi	Royal Antwerp	Sporting Charleroi	Royal Antwerp				2026-10-02T15:53:31.714659+00:00	2	belgium			
m_2lnChj	l_2L6d1F	2026/2027	2027-01-23	2027-01-23T16:00:00+00:00	not_started	t_3HWU9N	t_2Ylrj9	KV Mechelen	Lommel	KV Mechelen	Lommel				2026-10-02T15:53:31.714659+00:00	2	belgium			
m_34dAS8	l_2L6d1F	2026/2027	2027-01-23	2027-01-23T16:00:00+00:00	not_started	t_0xsWjs	t_0wF6Y2	Standard Liège	Westerlo	Standard Liège	Westerlo				2026-10-02T15:53:31.714659+00:00	2	belgium			
m_3klHls	l_2L6d1F	2026/2027	2027-01-23	2027-01-23T16:00:00+00:00	not_started	t_1mTmMO	t_1vesUg	Club Brugge	RAAL La Louvière	Club Brugge	RAAL La Louvière				2026-10-02T15:53:31.714659+00:00	2	belgium			
m_0KyHZq	l_2L6d1F	2026/2027	2027-01-30	2027-01-30T16:00:00+00:00	not_started	t_2Ylrj9	t_3rAYPk	Lommel	OH Leuven	Lommel	OH Leuven				2026-10-02T15:53:31.714659+00:00	2	belgium			
m_0NngqG	l_2L6d1F	2026/2027	2027-01-30	2027-01-30T16:00:00+00:00	not_started	t_4GqgXb	t_0xsWjs	Cercle Brugge	Standard Liège	Cercle Brugge	Standard Liège				2026-10-02T15:53:31.714659+00:00	2	belgium			
m_0QbaCT	l_2L6d1F	2026/2027	2027-01-30	2027-01-30T16:00:00+00:00	not_started	t_0wF6Y2	t_3o2Gex	Westerlo	Genk	Westerlo	Genk				2026-10-02T15:53:31.714659+00:00	2	belgium			
m_0gxkrS	l_2L6d1F	2026/2027	2027-01-30	2027-01-30T16:00:00+00:00	not_started	t_0n3xxl	t_3pK6v1	Zulte Waregem	Union St.Gilloise	Zulte Waregem	Union St.Gilloise				2026-10-02T15:53:31.714659+00:00	2	belgium			
m_0jlM4O	l_2L6d1F	2026/2027	2027-01-30	2027-01-30T16:00:00+00:00	not_started	t_11R95l	t_3HWU9N	St.Truiden	KV Mechelen	St.Truiden	KV Mechelen				2026-10-02T15:53:31.714659+00:00	2	belgium			
m_2KKT0c	l_2L6d1F	2026/2027	2027-01-30	2027-01-30T16:00:00+00:00	not_started	t_0E5vxj	t_1mTmMO	Royal Antwerp	Club Brugge	Royal Antwerp	Club Brugge				2026-10-02T15:53:31.714659+00:00	2	belgium			
m_3cbjpD	l_2L6d1F	2026/2027	2027-01-30	2027-01-30T16:00:00+00:00	not_started	t_0BmLrB	t_3F5Qx8	SK Beveren	Kortrijk	SK Beveren	Kortrijk				2026-10-02T15:53:31.714659+00:00	2	belgium			
m_3qWQdj	l_2L6d1F	2026/2027	2027-01-30	2027-01-30T16:00:00+00:00	not_started	t_1vesUg	t_3UiOcj	RAAL La Louvière	Sporting Charleroi	RAAL La Louvière	Sporting Charleroi				2026-10-02T15:53:31.714659+00:00	2	belgium			
m_4DQRF3	l_2L6d1F	2026/2027	2027-01-30	2027-01-30T16:00:00+00:00	not_started	t_2J5yFC	t_3CeUfH	Anderlecht	Gent	Anderlecht	Gent				2026-10-02T15:53:31.714659+00:00	2	belgium			
m_04QfYt	l_2L6d1F	2026/2027	2027-02-06	2027-02-06T16:00:00+00:00	not_started	t_3pK6v1	t_11R95l	Union St.Gilloise	St.Truiden	Union St.Gilloise	St.Truiden				2026-10-02T15:53:31.714659+00:00	2	belgium			
m_0D0fta	l_2L6d1F	2026/2027	2027-02-06	2027-02-06T16:00:00+00:00	not_started	t_3o2Gex	t_0E5vxj	Genk	Royal Antwerp	Genk	Royal Antwerp				2026-10-02T15:53:31.714659+00:00	2	belgium			
m_0gPS8r	l_2L6d1F	2026/2027	2027-02-06	2027-02-06T16:00:00+00:00	not_started	t_3CeUfH	t_0BmLrB	Gent	SK Beveren	Gent	SK Beveren				2026-10-02T15:53:31.714659+00:00	2	belgium			
m_0n2mtj	l_2L6d1F	2026/2027	2027-02-06	2027-02-06T16:00:00+00:00	not_started	t_0n3xxl	t_2Ylrj9	Zulte Waregem	Lommel	Zulte Waregem	Lommel				2026-10-02T15:53:31.714659+00:00	2	belgium			
m_1B0r6h	l_2L6d1F	2026/2027	2027-02-06	2027-02-06T16:00:00+00:00	not_started	t_3HWU9N	t_4GqgXb	KV Mechelen	Cercle Brugge	KV Mechelen	Cercle Brugge				2026-10-02T15:53:31.714659+00:00	2	belgium			
m_1LWIwS	l_2L6d1F	2026/2027	2027-02-06	2027-02-06T16:00:00+00:00	not_started	t_3UiOcj	t_0wF6Y2	Sporting Charleroi	Westerlo	Sporting Charleroi	Westerlo				2026-10-02T15:53:31.714659+00:00	2	belgium			
m_1yjHqf	l_2L6d1F	2026/2027	2027-02-06	2027-02-06T16:00:00+00:00	not_started	t_1mTmMO	t_0xsWjs	Club Brugge	Standard Liège	Club Brugge	Standard Liège				2026-10-02T15:53:31.714659+00:00	2	belgium			
m_43xkNW	l_2L6d1F	2026/2027	2027-02-06	2027-02-06T16:00:00+00:00	not_started	t_3F5Qx8	t_1vesUg	Kortrijk	RAAL La Louvière	Kortrijk	RAAL La Louvière				2026-10-02T15:53:31.714659+00:00	2	belgium			
m_4I0NOw	l_2L6d1F	2026/2027	2027-02-06	2027-02-06T16:00:00+00:00	not_started	t_3rAYPk	t_2J5yFC	OH Leuven	Anderlecht	OH Leuven	Anderlecht				2026-10-02T15:53:31.714659+00:00	2	belgium			
m_09DIxc	l_2L6d1F	2026/2027	2027-02-13	2027-02-13T16:00:00+00:00	not_started	t_0BmLrB	t_3o2Gex	SK Beveren	Genk	SK Beveren	Genk				2026-10-02T15:53:31.714659+00:00	2	belgium			
m_0TxxfN	l_2L6d1F	2026/2027	2027-02-13	2027-02-13T16:00:00+00:00	not_started	t_0wF6Y2	t_1mTmMO	Westerlo	Club Brugge	Westerlo	Club Brugge				2026-10-02T15:53:31.714659+00:00	2	belgium			
m_0ZGMbC	l_2L6d1F	2026/2027	2027-02-13	2027-02-13T16:00:00+00:00	not_started	t_1vesUg	t_3rAYPk	RAAL La Louvière	OH Leuven	RAAL La Louvière	OH Leuven				2026-10-02T15:53:31.714659+00:00	2	belgium			
m_1YflUc	l_2L6d1F	2026/2027	2027-02-13	2027-02-13T16:00:00+00:00	not_started	t_0xsWjs	t_0n3xxl	Standard Liège	Zulte Waregem	Standard Liège	Zulte Waregem				2026-10-02T15:53:31.714659+00:00	2	belgium			
m_1kkwmP	l_2L6d1F	2026/2027	2027-02-13	2027-02-13T16:00:00+00:00	not_started	t_2Ylrj9	t_3pK6v1	Lommel	Union St.Gilloise	Lommel	Union St.Gilloise				2026-10-02T15:53:31.714659+00:00	2	belgium			
m_2RiJw3	l_2L6d1F	2026/2027	2027-02-13	2027-02-13T16:00:00+00:00	not_started	t_4GqgXb	t_3UiOcj	Cercle Brugge	Sporting Charleroi	Cercle Brugge	Sporting Charleroi				2026-10-02T15:53:31.714659+00:00	2	belgium			
m_3XE3ZK	l_2L6d1F	2026/2027	2027-02-13	2027-02-13T16:00:00+00:00	not_started	t_11R95l	t_3CeUfH	St.Truiden	Gent	St.Truiden	Gent				2026-10-02T15:53:31.714659+00:00	2	belgium			
m_4A8HYO	l_2L6d1F	2026/2027	2027-02-13	2027-02-13T16:00:00+00:00	not_started	t_0E5vxj	t_3F5Qx8	Royal Antwerp	Kortrijk	Royal Antwerp	Kortrijk				2026-10-02T15:53:31.714659+00:00	2	belgium			
m_4SGgfp	l_2L6d1F	2026/2027	2027-02-13	2027-02-13T16:00:00+00:00	not_started	t_2J5yFC	t_3HWU9N	Anderlecht	KV Mechelen	Anderlecht	KV Mechelen				2026-10-02T15:53:31.714659+00:00	2	belgium			
m_0JIoRk	l_2L6d1F	2026/2027	2027-02-20	2027-02-20T16:00:00+00:00	not_started	t_3rAYPk	t_0E5vxj	OH Leuven	Royal Antwerp	OH Leuven	Royal Antwerp				2026-10-02T15:53:31.714659+00:00	2	belgium			
m_2k9Arg	l_2L6d1F	2026/2027	2027-02-20	2027-02-20T16:00:00+00:00	not_started	t_0n3xxl	t_2J5yFC	Zulte Waregem	Anderlecht	Zulte Waregem	Anderlecht				2026-10-02T15:53:31.714659+00:00	2	belgium			
m_2sPd5S	l_2L6d1F	2026/2027	2027-02-20	2027-02-20T16:00:00+00:00	not_started	t_11R95l	t_4GqgXb	St.Truiden	Cercle Brugge	St.Truiden	Cercle Brugge				2026-10-02T15:53:31.714659+00:00	2	belgium			
m_358qZO	l_2L6d1F	2026/2027	2027-02-20	2027-02-20T16:00:00+00:00	not_started	t_3CeUfH	t_1vesUg	Gent	RAAL La Louvière	Gent	RAAL La Louvière				2026-10-02T15:53:31.714659+00:00	2	belgium			
m_3kMzEI	l_2L6d1F	2026/2027	2027-02-20	2027-02-20T16:00:00+00:00	not_started	t_3UiOcj	t_0xsWjs	Sporting Charleroi	Standard Liège	Sporting Charleroi	Standard Liège				2026-10-02T15:53:31.714659+00:00	2	belgium			
m_3lZdSA	l_2L6d1F	2026/2027	2027-02-20	2027-02-20T16:00:00+00:00	not_started	t_3pK6v1	t_0wF6Y2	Union St.Gilloise	Westerlo	Union St.Gilloise	Westerlo				2026-10-02T15:53:31.714659+00:00	2	belgium			
m_3p7dGk	l_2L6d1F	2026/2027	2027-02-20	2027-02-20T16:00:00+00:00	not_started	t_3HWU9N	t_0BmLrB	KV Mechelen	SK Beveren	KV Mechelen	SK Beveren				2026-10-02T15:53:31.714659+00:00	2	belgium			
m_3vXWxZ	l_2L6d1F	2026/2027	2027-02-20	2027-02-20T16:00:00+00:00	not_started	t_3F5Qx8	t_3o2Gex	Kortrijk	Genk	Kortrijk	Genk				2026-10-02T15:53:31.714659+00:00	2	belgium			
m_42OMPq	l_2L6d1F	2026/2027	2027-02-20	2027-02-20T16:00:00+00:00	not_started	t_1mTmMO	t_2Ylrj9	Club Brugge	Lommel	Club Brugge	Lommel				2026-10-02T15:53:31.714659+00:00	2	belgium			
m_09iIII	l_2L6d1F	2026/2027	2027-02-27	2027-02-27T16:00:00+00:00	not_started	t_0wF6Y2	t_3HWU9N	Westerlo	KV Mechelen	Westerlo	KV Mechelen				2026-10-02T15:53:31.714659+00:00	2	belgium			
m_0Ty9To	l_2L6d1F	2026/2027	2027-02-27	2027-02-27T16:00:00+00:00	not_started	t_0BmLrB	t_3UiOcj	SK Beveren	Sporting Charleroi	SK Beveren	Sporting Charleroi				2026-10-02T15:53:31.714659+00:00	2	belgium			
m_21eNOj	l_2L6d1F	2026/2027	2027-02-27	2027-02-27T16:00:00+00:00	not_started	t_4GqgXb	t_3rAYPk	Cercle Brugge	OH Leuven	Cercle Brugge	OH Leuven				2026-10-02T15:53:31.714659+00:00	2	belgium			
m_23c35t	l_2L6d1F	2026/2027	2027-02-27	2027-02-27T16:00:00+00:00	not_started	t_2J5yFC	t_1mTmMO	Anderlecht	Club Brugge	Anderlecht	Club Brugge				2026-10-02T15:53:31.714659+00:00	2	belgium			
m_2FSKGZ	l_2L6d1F	2026/2027	2027-02-27	2027-02-27T16:00:00+00:00	not_started	t_2Ylrj9	t_3F5Qx8	Lommel	Kortrijk	Lommel	Kortrijk				2026-10-02T15:53:31.714659+00:00	2	belgium			
m_2hrcwA	l_2L6d1F	2026/2027	2027-02-27	2027-02-27T16:00:00+00:00	not_started	t_1vesUg	t_11R95l	RAAL La Louvière	St.Truiden	RAAL La Louvière	St.Truiden				2026-10-02T15:53:31.714659+00:00	2	belgium			
m_35iKXI	l_2L6d1F	2026/2027	2027-02-27	2027-02-27T16:00:00+00:00	not_started	t_0xsWjs	t_3CeUfH	Standard Liège	Gent	Standard Liège	Gent				2026-10-02T15:53:31.714659+00:00	2	belgium			
m_3zakdJ	l_2L6d1F	2026/2027	2027-02-27	2027-02-27T16:00:00+00:00	not_started	t_3o2Gex	t_3pK6v1	Genk	Union St.Gilloise	Genk	Union St.Gilloise				2026-10-02T15:53:31.714659+00:00	2	belgium			
m_48xmWf	l_2L6d1F	2026/2027	2027-02-27	2027-02-27T16:00:00+00:00	not_started	t_0E5vxj	t_0n3xxl	Royal Antwerp	Zulte Waregem	Royal Antwerp	Zulte Waregem				2026-10-02T15:53:31.714659+00:00	2	belgium			
m_0Ti2K2	l_2L6d1F	2026/2027	2027-03-06	2027-03-06T16:00:00+00:00	not_started	t_1mTmMO	t_0BmLrB	Club Brugge	SK Beveren	Club Brugge	SK Beveren				2026-10-02T15:53:31.714659+00:00	2	belgium			
m_1fv4k3	l_2L6d1F	2026/2027	2027-03-06	2027-03-06T16:00:00+00:00	not_started	t_11R95l	t_0E5vxj	St.Truiden	Royal Antwerp	St.Truiden	Royal Antwerp				2026-10-02T15:53:31.714659+00:00	2	belgium			
m_23VfNV	l_2L6d1F	2026/2027	2027-03-06	2027-03-06T16:00:00+00:00	not_started	t_0wF6Y2	t_2J5yFC	Westerlo	Anderlecht	Westerlo	Anderlecht				2026-10-02T15:53:31.714659+00:00	2	belgium			
m_2jAlCz	l_2L6d1F	2026/2027	2027-03-06	2027-03-06T16:00:00+00:00	not_started	t_1vesUg	t_2Ylrj9	RAAL La Louvière	Lommel	RAAL La Louvière	Lommel				2026-10-02T15:53:31.714659+00:00	2	belgium			
m_2jrfIe	l_2L6d1F	2026/2027	2027-03-06	2027-03-06T16:00:00+00:00	not_started	t_0n3xxl	t_4GqgXb	Zulte Waregem	Cercle Brugge	Zulte Waregem	Cercle Brugge				2026-10-02T15:53:31.714659+00:00	2	belgium			
m_3ldZRI	l_2L6d1F	2026/2027	2027-03-06	2027-03-06T16:00:00+00:00	not_started	t_3pK6v1	t_0xsWjs	Union St.Gilloise	Standard Liège	Union St.Gilloise	Standard Liège				2026-10-02T15:53:31.714659+00:00	2	belgium			
m_3zudWx	l_2L6d1F	2026/2027	2027-03-06	2027-03-06T16:00:00+00:00	not_started	t_3CeUfH	t_3UiOcj	Gent	Sporting Charleroi	Gent	Sporting Charleroi				2026-10-02T15:53:31.714659+00:00	2	belgium			
m_4KmX27	l_2L6d1F	2026/2027	2027-03-06	2027-03-06T16:00:00+00:00	not_started	t_3HWU9N	t_3F5Qx8	KV Mechelen	Kortrijk	KV Mechelen	Kortrijk				2026-10-02T15:53:31.714659+00:00	2	belgium			
m_4YSlju	l_2L6d1F	2026/2027	2027-03-06	2027-03-06T16:00:00+00:00	not_started	t_3rAYPk	t_3o2Gex	OH Leuven	Genk	OH Leuven	Genk				2026-10-02T15:53:31.714659+00:00	2	belgium			
m_03KYV4	l_2L6d1F	2026/2027	2027-03-13	2027-03-13T16:00:00+00:00	not_started	t_3UiOcj	t_1mTmMO	Sporting Charleroi	Club Brugge	Sporting Charleroi	Club Brugge				2026-10-02T15:53:31.714659+00:00	2	belgium			
m_0I5jw8	l_2L6d1F	2026/2027	2027-03-13	2027-03-13T16:00:00+00:00	not_started	t_0E5vxj	t_1vesUg	Royal Antwerp	RAAL La Louvière	Royal Antwerp	RAAL La Louvière				2026-10-02T15:53:31.714659+00:00	2	belgium			
m_0MO2BI	l_2L6d1F	2026/2027	2027-03-13	2027-03-13T16:00:00+00:00	not_started	t_0BmLrB	t_0wF6Y2	SK Beveren	Westerlo	SK Beveren	Westerlo				2026-10-02T15:53:31.714659+00:00	2	belgium			
m_0QrkYb	l_2L6d1F	2026/2027	2027-03-13	2027-03-13T16:00:00+00:00	not_started	t_2J5yFC	t_2Ylrj9	Anderlecht	Lommel	Anderlecht	Lommel				2026-10-02T15:53:31.714659+00:00	2	belgium			
m_1SNpTT	l_2L6d1F	2026/2027	2027-03-13	2027-03-13T16:00:00+00:00	not_started	t_3o2Gex	t_11R95l	Genk	St.Truiden	Genk	St.Truiden				2026-10-02T15:53:31.714659+00:00	2	belgium			
m_1oMZub	l_2L6d1F	2026/2027	2027-03-13	2027-03-13T16:00:00+00:00	not_started	t_3F5Qx8	t_3rAYPk	Kortrijk	OH Leuven	Kortrijk	OH Leuven				2026-10-02T15:53:31.714659+00:00	2	belgium			
m_2YenCq	l_2L6d1F	2026/2027	2027-03-13	2027-03-13T16:00:00+00:00	not_started	t_0xsWjs	t_3HWU9N	Standard Liège	KV Mechelen	Standard Liège	KV Mechelen				2026-10-02T15:53:31.714659+00:00	2	belgium			
m_3NTTGT	l_2L6d1F	2026/2027	2027-03-13	2027-03-13T16:00:00+00:00	not_started	t_3CeUfH	t_0n3xxl	Gent	Zulte Waregem	Gent	Zulte Waregem				2026-10-02T15:53:31.714659+00:00	2	belgium			
m_4B0rX9	l_2L6d1F	2026/2027	2027-03-13	2027-03-13T16:00:00+00:00	not_started	t_4GqgXb	t_3pK6v1	Cercle Brugge	Union St.Gilloise	Cercle Brugge	Union St.Gilloise				2026-10-02T15:53:31.714659+00:00	2	belgium			
m_0KFVhg	l_2L6d1F	2026/2027	2027-03-20	2027-03-20T16:00:00+00:00	not_started	t_1mTmMO	t_3CeUfH	Club Brugge	Gent	Club Brugge	Gent				2026-10-02T15:53:31.714659+00:00	2	belgium			
m_0xO93N	l_2L6d1F	2026/2027	2027-03-20	2027-03-20T16:00:00+00:00	not_started	t_0wF6Y2	t_4GqgXb	Westerlo	Cercle Brugge	Westerlo	Cercle Brugge				2026-10-02T15:53:31.714659+00:00	2	belgium			
m_145Ly2	l_2L6d1F	2026/2027	2027-03-20	2027-03-20T16:00:00+00:00	not_started	t_11R95l	t_0BmLrB	St.Truiden	SK Beveren	St.Truiden	SK Beveren				2026-10-02T15:53:31.714659+00:00	2	belgium			
m_1pZ56f	l_2L6d1F	2026/2027	2027-03-20	2027-03-20T16:00:00+00:00	not_started	t_3rAYPk	t_3pK6v1	OH Leuven	Union St.Gilloise	OH Leuven	Union St.Gilloise				2026-10-02T15:53:31.714659+00:00	2	belgium			
m_22Vqzu	l_2L6d1F	2026/2027	2027-03-20	2027-03-20T16:00:00+00:00	not_started	t_2Ylrj9	t_0E5vxj	Lommel	Royal Antwerp	Lommel	Royal Antwerp				2026-10-02T15:53:31.714659+00:00	2	belgium			
m_2WBWGz	l_2L6d1F	2026/2027	2027-03-20	2027-03-20T16:00:00+00:00	not_started	t_3HWU9N	t_3UiOcj	KV Mechelen	Sporting Charleroi	KV Mechelen	Sporting Charleroi				2026-10-02T15:53:31.714659+00:00	2	belgium			
m_3ujnpz	l_2L6d1F	2026/2027	2027-03-20	2027-03-20T16:00:00+00:00	not_started	t_1vesUg	t_3o2Gex	RAAL La Louvière	Genk	RAAL La Louvière	Genk				2026-10-02T15:53:31.714659+00:00	2	belgium			
m_438u69	l_2L6d1F	2026/2027	2027-03-20	2027-03-20T16:00:00+00:00	not_started	t_0n3xxl	t_3F5Qx8	Zulte Waregem	Kortrijk	Zulte Waregem	Kortrijk				2026-10-02T15:53:31.714659+00:00	2	belgium			
m_4OVbm1	l_2L6d1F	2026/2027	2027-03-20	2027-03-20T16:00:00+00:00	not_started	t_2J5yFC	t_0xsWjs	Anderlecht	Standard Liège	Anderlecht	Standard Liège				2026-10-02T15:53:31.714659+00:00	2	belgium			
m_0T9RLv	l_2L6d1F	2026/2027	2027-04-03	2027-04-03T15:00:00+00:00	not_started	t_3UiOcj	t_2Ylrj9	Sporting Charleroi	Lommel	Sporting Charleroi	Lommel				2026-10-02T15:53:31.714659+00:00	2	belgium			
m_1DHQro	l_2L6d1F	2026/2027	2027-04-03	2027-04-03T15:00:00+00:00	not_started	t_3F5Qx8	t_1mTmMO	Kortrijk	Club Brugge	Kortrijk	Club Brugge				2026-10-02T15:53:31.714659+00:00	2	belgium			
m_1KnLH3	l_2L6d1F	2026/2027	2027-04-03	2027-04-03T15:00:00+00:00	not_started	t_3pK6v1	t_3HWU9N	Union St.Gilloise	KV Mechelen	Union St.Gilloise	KV Mechelen				2026-10-02T15:53:31.714659+00:00	2	belgium			
m_1R1gz2	l_2L6d1F	2026/2027	2027-04-03	2027-04-03T15:00:00+00:00	not_started	t_3o2Gex	t_2J5yFC	Genk	Anderlecht	Genk	Anderlecht				2026-10-02T15:53:31.714659+00:00	2	belgium			
m_1s86wv	l_2L6d1F	2026/2027	2027-04-03	2027-04-03T15:00:00+00:00	not_started	t_4GqgXb	t_1vesUg	Cercle Brugge	RAAL La Louvière	Cercle Brugge	RAAL La Louvière				2026-10-02T15:53:31.714659+00:00	2	belgium			
m_2haPut	l_2L6d1F	2026/2027	2027-04-03	2027-04-03T15:00:00+00:00	not_started	t_3CeUfH	t_0wF6Y2	Gent	Westerlo	Gent	Westerlo				2026-10-02T15:53:31.714659+00:00	2	belgium			
m_2n2BOP	l_2L6d1F	2026/2027	2027-04-03	2027-04-03T15:00:00+00:00	not_started	t_3rAYPk	t_0n3xxl	OH Leuven	Zulte Waregem	OH Leuven	Zulte Waregem				2026-10-02T15:53:31.714659+00:00	2	belgium			
m_4AFHAo	l_2L6d1F	2026/2027	2027-04-03	2027-04-03T15:00:00+00:00	not_started	t_0xsWjs	t_11R95l	Standard Liège	St.Truiden	Standard Liège	St.Truiden				2026-10-02T15:53:31.714659+00:00	2	belgium			
m_4Q8HXY	l_2L6d1F	2026/2027	2027-04-03	2027-04-03T15:00:00+00:00	not_started	t_0BmLrB	t_0E5vxj	SK Beveren	Royal Antwerp	SK Beveren	Royal Antwerp				2026-10-02T15:53:31.714659+00:00	2	belgium			
m_0Tsobo	l_2L6d1F	2026/2027	2027-04-10	2027-04-10T15:00:00+00:00	not_started	t_2Ylrj9	t_3o2Gex	Lommel	Genk	Lommel	Genk				2026-10-02T15:53:31.714659+00:00	2	belgium			
m_0gCAeX	l_2L6d1F	2026/2027	2027-04-10	2027-04-10T15:00:00+00:00	not_started	t_11R95l	t_3UiOcj	St.Truiden	Sporting Charleroi	St.Truiden	Sporting Charleroi				2026-10-02T15:53:31.714659+00:00	2	belgium			
m_1LhzGw	l_2L6d1F	2026/2027	2027-04-10	2027-04-10T15:00:00+00:00	not_started	t_0n3xxl	t_0wF6Y2	Zulte Waregem	Westerlo	Zulte Waregem	Westerlo				2026-10-02T15:53:31.714659+00:00	2	belgium			
m_1cAg99	l_2L6d1F	2026/2027	2027-04-10	2027-04-10T15:00:00+00:00	not_started	t_3HWU9N	t_3CeUfH	KV Mechelen	Gent	KV Mechelen	Gent				2026-10-02T15:53:31.714659+00:00	2	belgium			
m_1dAC5Y	l_2L6d1F	2026/2027	2027-04-10	2027-04-10T15:00:00+00:00	not_started	t_3F5Qx8	t_0xsWjs	Kortrijk	Standard Liège	Kortrijk	Standard Liège				2026-10-02T15:53:31.714659+00:00	2	belgium			
m_2dxeUW	l_2L6d1F	2026/2027	2027-04-10	2027-04-10T15:00:00+00:00	not_started	t_1vesUg	t_3pK6v1	RAAL La Louvière	Union St.Gilloise	RAAL La Louvière	Union St.Gilloise				2026-10-02T15:53:31.714659+00:00	2	belgium			
m_2sDCL2	l_2L6d1F	2026/2027	2027-04-10	2027-04-10T15:00:00+00:00	not_started	t_2J5yFC	t_0BmLrB	Anderlecht	SK Beveren	Anderlecht	SK Beveren				2026-10-02T15:53:31.714659+00:00	2	belgium			
m_38qsrF	l_2L6d1F	2026/2027	2027-04-10	2027-04-10T15:00:00+00:00	not_started	t_1mTmMO	t_3rAYPk	Club Brugge	OH Leuven	Club Brugge	OH Leuven				2026-10-02T15:53:31.714659+00:00	2	belgium			
m_4Bh8bG	l_2L6d1F	2026/2027	2027-04-10	2027-04-10T15:00:00+00:00	not_started	t_0E5vxj	t_4GqgXb	Royal Antwerp	Cercle Brugge	Royal Antwerp	Cercle Brugge				2026-10-02T15:53:31.714659+00:00	2	belgium			
m_0HIYug	l_2L6d1F	2026/2027	2027-04-17	2027-04-17T15:00:00+00:00	not_started	t_4GqgXb	t_3F5Qx8	Cercle Brugge	Kortrijk	Cercle Brugge	Kortrijk				2026-10-02T15:53:31.714659+00:00	2	belgium			
m_0I7ggf	l_2L6d1F	2026/2027	2027-04-17	2027-04-17T15:00:00+00:00	not_started	t_3CeUfH	t_2Ylrj9	Gent	Lommel	Gent	Lommel				2026-10-02T15:53:31.714659+00:00	2	belgium			
m_0tYKR1	l_2L6d1F	2026/2027	2027-04-17	2027-04-17T15:00:00+00:00	not_started	t_0wF6Y2	t_11R95l	Westerlo	St.Truiden	Westerlo	St.Truiden				2026-10-02T15:53:31.714659+00:00	2	belgium			
m_1KBEVe	l_2L6d1F	2026/2027	2027-04-17	2027-04-17T15:00:00+00:00	not_started	t_0BmLrB	t_0n3xxl	SK Beveren	Zulte Waregem	SK Beveren	Zulte Waregem				2026-10-02T15:53:31.714659+00:00	2	belgium			
m_1hOhoB	l_2L6d1F	2026/2027	2027-04-17	2027-04-17T15:00:00+00:00	not_started	t_3HWU9N	t_1vesUg	KV Mechelen	RAAL La Louvière	KV Mechelen	RAAL La Louvière				2026-10-02T15:53:31.714659+00:00	2	belgium			
m_1vYZoe	l_2L6d1F	2026/2027	2027-04-17	2027-04-17T15:00:00+00:00	not_started	t_3UiOcj	t_2J5yFC	Sporting Charleroi	Anderlecht	Sporting Charleroi	Anderlecht				2026-10-02T15:53:31.714659+00:00	2	belgium			
m_2nyWb1	l_2L6d1F	2026/2027	2027-04-17	2027-04-17T15:00:00+00:00	not_started	t_0xsWjs	t_3rAYPk	Standard Liège	OH Leuven	Standard Liège	OH Leuven				2026-10-02T15:53:31.714659+00:00	2	belgium			
m_3vfYU3	l_2L6d1F	2026/2027	2027-04-17	2027-04-17T15:00:00+00:00	not_started	t_3o2Gex	t_1mTmMO	Genk	Club Brugge	Genk	Club Brugge				2026-10-02T15:53:31.714659+00:00	2	belgium			
m_4cUxcW	l_2L6d1F	2026/2027	2027-04-17	2027-04-17T15:00:00+00:00	not_started	t_3pK6v1	t_0E5vxj	Union St.Gilloise	Royal Antwerp	Union St.Gilloise	Royal Antwerp				2026-10-02T15:53:31.714659+00:00	2	belgium			
m_0jVWNP	l_2L6d1F	2026/2027	2027-04-24	2027-04-24T15:00:00+00:00	not_started	t_1mTmMO	t_3pK6v1	Club Brugge	Union St.Gilloise	Club Brugge	Union St.Gilloise				2026-10-02T15:53:31.714659+00:00	2	belgium			
m_0pKFhT	l_2L6d1F	2026/2027	2027-04-24	2027-04-24T15:00:00+00:00	not_started	t_0E5vxj	t_3CeUfH	Royal Antwerp	Gent	Royal Antwerp	Gent				2026-10-02T15:53:31.714659+00:00	2	belgium			
m_1SMNih	l_2L6d1F	2026/2027	2027-04-24	2027-04-24T15:00:00+00:00	not_started	t_2J5yFC	t_4GqgXb	Anderlecht	Cercle Brugge	Anderlecht	Cercle Brugge				2026-10-02T15:53:31.714659+00:00	2	belgium			
m_1goDzt	l_2L6d1F	2026/2027	2027-04-24	2027-04-24T15:00:00+00:00	not_started	t_3rAYPk	t_0BmLrB	OH Leuven	SK Beveren	OH Leuven	SK Beveren				2026-10-02T15:53:31.714659+00:00	2	belgium			
m_1qFBx3	l_2L6d1F	2026/2027	2027-04-24	2027-04-24T15:00:00+00:00	not_started	t_3F5Qx8	t_0wF6Y2	Kortrijk	Westerlo	Kortrijk	Westerlo				2026-10-02T15:53:31.714659+00:00	2	belgium			
m_2XgCTZ	l_2L6d1F	2026/2027	2027-04-24	2027-04-24T15:00:00+00:00	not_started	t_3o2Gex	t_3UiOcj	Genk	Sporting Charleroi	Genk	Sporting Charleroi				2026-10-02T15:53:31.714659+00:00	2	belgium			
m_2qiNSH	l_2L6d1F	2026/2027	2027-04-24	2027-04-24T15:00:00+00:00	not_started	t_1vesUg	t_0xsWjs	RAAL La Louvière	Standard Liège	RAAL La Louvière	Standard Liège				2026-10-02T15:53:31.714659+00:00	2	belgium			
m_3HE7Uu	l_2L6d1F	2026/2027	2027-04-24	2027-04-24T15:00:00+00:00	not_started	t_0n3xxl	t_3HWU9N	Zulte Waregem	KV Mechelen	Zulte Waregem	KV Mechelen				2026-10-02T15:53:31.714659+00:00	2	belgium			
m_4OpxQm	l_2L6d1F	2026/2027	2027-04-24	2027-04-24T15:00:00+00:00	not_started	t_2Ylrj9	t_11R95l	Lommel	St.Truiden	Lommel	St.Truiden				2026-10-02T15:53:31.714659+00:00	2	belgium			
m_0JPoPd	l_2L6d1F	2026/2027	2027-05-01	2027-05-01T15:00:00+00:00	not_started	t_3UiOcj	t_0n3xxl	Sporting Charleroi	Zulte Waregem	Sporting Charleroi	Zulte Waregem				2026-10-02T15:53:31.714659+00:00	2	belgium			
m_0YrnBV	l_2L6d1F	2026/2027	2027-05-01	2027-05-01T15:00:00+00:00	not_started	t_3CeUfH	t_3o2Gex	Gent	Genk	Gent	Genk				2026-10-02T15:53:31.714659+00:00	2	belgium			
m_0cbwsi	l_2L6d1F	2026/2027	2027-05-01	2027-05-01T15:00:00+00:00	not_started	t_0xsWjs	t_2Ylrj9	Standard Liège	Lommel	Standard Liège	Lommel				2026-10-02T15:53:31.714659+00:00	2	belgium			
m_0tBqUS	l_2L6d1F	2026/2027	2027-05-01	2027-05-01T15:00:00+00:00	not_started	t_0BmLrB	t_1vesUg	SK Beveren	RAAL La Louvière	SK Beveren	RAAL La Louvière				2026-10-02T15:53:31.714659+00:00	2	belgium			
m_1cWGLE	l_2L6d1F	2026/2027	2027-05-01	2027-05-01T15:00:00+00:00	not_started	t_3HWU9N	t_0E5vxj	KV Mechelen	Royal Antwerp	KV Mechelen	Royal Antwerp				2026-10-02T15:53:31.714659+00:00	2	belgium			
m_3EAKLX	l_2L6d1F	2026/2027	2027-05-01	2027-05-01T15:00:00+00:00	not_started	t_4GqgXb	t_1mTmMO	Cercle Brugge	Club Brugge	Cercle Brugge	Club Brugge				2026-10-02T15:53:31.714659+00:00	2	belgium			
m_41hemK	l_2L6d1F	2026/2027	2027-05-01	2027-05-01T15:00:00+00:00	not_started	t_0wF6Y2	t_3rAYPk	Westerlo	OH Leuven	Westerlo	OH Leuven				2026-10-02T15:53:31.714659+00:00	2	belgium			
m_4SGNhd	l_2L6d1F	2026/2027	2027-05-01	2027-05-01T15:00:00+00:00	not_started	t_11R95l	t_2J5yFC	St.Truiden	Anderlecht	St.Truiden	Anderlecht				2026-10-02T15:53:31.714659+00:00	2	belgium			
m_4UVPn5	l_2L6d1F	2026/2027	2027-05-01	2027-05-01T15:00:00+00:00	not_started	t_3pK6v1	t_3F5Qx8	Union St.Gilloise	Kortrijk	Union St.Gilloise	Kortrijk				2026-10-02T15:53:31.714659+00:00	2	belgium			
m_05RmpY	l_2L6d1F	2026/2027	2027-05-08	2027-05-08T15:00:00+00:00	not_started	t_3rAYPk	t_3UiOcj	OH Leuven	Sporting Charleroi	OH Leuven	Sporting Charleroi				2026-10-02T15:53:31.714659+00:00	2	belgium			
m_0yOll3	l_2L6d1F	2026/2027	2027-05-08	2027-05-08T15:00:00+00:00	not_started	t_0E5vxj	t_0xsWjs	Royal Antwerp	Standard Liège	Royal Antwerp	Standard Liège				2026-10-02T15:53:31.714659+00:00	2	belgium			
m_14n4y8	l_2L6d1F	2026/2027	2027-05-08	2027-05-08T15:00:00+00:00	not_started	t_1vesUg	t_0wF6Y2	RAAL La Louvière	Westerlo	RAAL La Louvière	Westerlo				2026-10-02T15:53:31.714659+00:00	2	belgium			
m_19n3Zf	l_2L6d1F	2026/2027	2027-05-08	2027-05-08T15:00:00+00:00	not_started	t_2Ylrj9	t_0BmLrB	Lommel	SK Beveren	Lommel	SK Beveren				2026-10-02T15:53:31.714659+00:00	2	belgium			
m_2q9kuv	l_2L6d1F	2026/2027	2027-05-08	2027-05-08T15:00:00+00:00	not_started	t_3F5Qx8	t_3CeUfH	Kortrijk	Gent	Kortrijk	Gent				2026-10-02T15:53:31.714659+00:00	2	belgium			
m_2s6xyY	l_2L6d1F	2026/2027	2027-05-08	2027-05-08T15:00:00+00:00	not_started	t_0n3xxl	t_11R95l	Zulte Waregem	St.Truiden	Zulte Waregem	St.Truiden				2026-10-02T15:53:31.714659+00:00	2	belgium			
m_397IlL	l_2L6d1F	2026/2027	2027-05-08	2027-05-08T15:00:00+00:00	not_started	t_2J5yFC	t_3pK6v1	Anderlecht	Union St.Gilloise	Anderlecht	Union St.Gilloise				2026-10-02T15:53:31.714659+00:00	2	belgium			
m_3LnbTd	l_2L6d1F	2026/2027	2027-05-08	2027-05-08T15:00:00+00:00	not_started	t_3o2Gex	t_4GqgXb	Genk	Cercle Brugge	Genk	Cercle Brugge				2026-10-02T15:53:31.714659+00:00	2	belgium			
m_3mfbFW	l_2L6d1F	2026/2027	2027-05-08	2027-05-08T15:00:00+00:00	not_started	t_1mTmMO	t_3HWU9N	Club Brugge	KV Mechelen	Club Brugge	KV Mechelen				2026-10-02T15:53:31.714659+00:00	2	belgium			
m_0Ogs25	l_2L6d1F	2026/2027	2027-05-15	2027-05-15T15:00:00+00:00	not_started	t_4GqgXb	t_0BmLrB	Cercle Brugge	SK Beveren	Cercle Brugge	SK Beveren				2026-10-02T15:53:31.714659+00:00	2	belgium			
m_0fM5GU	l_2L6d1F	2026/2027	2027-05-15	2027-05-15T15:00:00+00:00	not_started	t_3UiOcj	t_3F5Qx8	Sporting Charleroi	Kortrijk	Sporting Charleroi	Kortrijk				2026-10-02T15:53:31.714659+00:00	2	belgium			
m_0o5AZb	l_2L6d1F	2026/2027	2027-05-15	2027-05-15T15:00:00+00:00	not_started	t_0n3xxl	t_1vesUg	Zulte Waregem	RAAL La Louvière	Zulte Waregem	RAAL La Louvière				2026-10-02T15:53:31.714659+00:00	2	belgium			
m_1C6sF1	l_2L6d1F	2026/2027	2027-05-15	2027-05-15T15:00:00+00:00	not_started	t_11R95l	t_1mTmMO	St.Truiden	Club Brugge	St.Truiden	Club Brugge				2026-10-02T15:53:31.714659+00:00	2	belgium			
m_2PUwys	l_2L6d1F	2026/2027	2027-05-15	2027-05-15T15:00:00+00:00	not_started	t_3HWU9N	t_3rAYPk	KV Mechelen	OH Leuven	KV Mechelen	OH Leuven				2026-10-02T15:53:31.714659+00:00	2	belgium			
m_2luLAy	l_2L6d1F	2026/2027	2027-05-15	2027-05-15T15:00:00+00:00	not_started	t_0xsWjs	t_3o2Gex	Standard Liège	Genk	Standard Liège	Genk				2026-10-02T15:53:31.714659+00:00	2	belgium			
m_3O2r5B	l_2L6d1F	2026/2027	2027-05-15	2027-05-15T15:00:00+00:00	not_started	t_3CeUfH	t_3pK6v1	Gent	Union St.Gilloise	Gent	Union St.Gilloise				2026-10-02T15:53:31.714659+00:00	2	belgium			
m_3P7UIR	l_2L6d1F	2026/2027	2027-05-15	2027-05-15T15:00:00+00:00	not_started	t_0wF6Y2	t_2Ylrj9	Westerlo	Lommel	Westerlo	Lommel				2026-10-02T15:53:31.714659+00:00	2	belgium			
m_3t8z30	l_2L6d1F	2026/2027	2027-05-15	2027-05-15T15:00:00+00:00	not_started	t_2J5yFC	t_0E5vxj	Anderlecht	Royal Antwerp	Anderlecht	Royal Antwerp				2026-10-02T15:53:31.714659+00:00	2	belgium			
m_1PcnqX	l_2L6d1F	2026/2027	2027-05-22	2027-05-22T15:00:00+00:00	not_started	t_3rAYPk	t_3CeUfH	OH Leuven	Gent	OH Leuven	Gent				2026-10-02T15:53:31.714659+00:00	2	belgium			
m_1x1uJ3	l_2L6d1F	2026/2027	2027-05-22	2027-05-22T15:00:00+00:00	not_started	t_3o2Gex	t_3HWU9N	Genk	KV Mechelen	Genk	KV Mechelen				2026-10-02T15:53:31.714659+00:00	2	belgium			
m_2U6zFq	l_2L6d1F	2026/2027	2027-05-22	2027-05-22T15:00:00+00:00	not_started	t_0BmLrB	t_0xsWjs	SK Beveren	Standard Liège	SK Beveren	Standard Liège				2026-10-02T15:53:31.714659+00:00	2	belgium			
m_39cUbS	l_2L6d1F	2026/2027	2027-05-22	2027-05-22T15:00:00+00:00	not_started	t_2Ylrj9	t_4GqgXb	Lommel	Cercle Brugge	Lommel	Cercle Brugge				2026-10-02T15:53:31.714659+00:00	2	belgium			
m_4JCqbn	l_2L6d1F	2026/2027	2027-05-22	2027-05-22T15:00:00+00:00	not_started	t_3F5Qx8	t_11R95l	Kortrijk	St.Truiden	Kortrijk	St.Truiden				2026-10-02T15:53:31.714659+00:00	2	belgium			
m_4MthoH	l_2L6d1F	2026/2027	2027-05-22	2027-05-22T15:00:00+00:00	not_started	t_1mTmMO	t_0n3xxl	Club Brugge	Zulte Waregem	Club Brugge	Zulte Waregem				2026-10-02T15:53:31.714659+00:00	2	belgium			
m_4OVNST	l_2L6d1F	2026/2027	2027-05-22	2027-05-22T15:00:00+00:00	not_started	t_1vesUg	t_2J5yFC	RAAL La Louvière	Anderlecht	RAAL La Louvière	Anderlecht				2026-10-02T15:53:31.714659+00:00	2	belgium			
m_4RrzGr	l_2L6d1F	2026/2027	2027-05-22	2027-05-22T15:00:00+00:00	not_started	t_3pK6v1	t_3UiOcj	Union St.Gilloise	Sporting Charleroi	Union St.Gilloise	Sporting Charleroi				2026-10-02T15:53:31.714659+00:00	2	belgium			
m_4Slw8W	l_2L6d1F	2026/2027	2027-05-22	2027-05-22T15:00:00+00:00	not_started	t_0E5vxj	t_0wF6Y2	Royal Antwerp	Westerlo	Royal Antwerp	Westerlo				2026-10-02T15:53:31.714659+00:00	2	belgium			
