provider_match_id	status	home_team	away_team	kickoff_utc	candidate_count	kickoff_delta_hours	kickoff_comparison
m_0SvN1v	mapped	SK Beveren	Lommel	2026-10-09T18:45:00+00:00	1	0.0	exact
m_0GvgcM	mapped	Cercle Brugge	Anderlecht	2026-10-10T14:00:00+00:00	1	0.0	exact
m_2tVQiH	mapped	RAAL La Louvière	Club Brugge	2026-10-10T16:15:00+00:00	1	0.0	exact
m_2Mrz7V	mapped	Zulte Waregem	Gent	2026-10-10T18:45:00+00:00	1	0.0	exact
m_0mmlz2	mapped	Genk	Kortrijk	2026-10-10T18:45:00+00:00	1	0.0	exact
m_480fBH	mapped	Standard Liège	Sporting Charleroi	2026-10-11T11:30:00+00:00	1	0.0	exact
m_3WOmX1	mapped	Union St.Gilloise	OH Leuven	2026-10-11T14:00:00+00:00	1	0.0	exact
m_4C8yUu	mapped	Westerlo	Royal Antwerp	2026-10-11T16:30:00+00:00	1	0.0	exact
m_4ejI3H	mapped	KV Mechelen	St.Truiden	2026-10-11T17:15:00+00:00	1	0.0	exact
m_4JyHOG	mapped	Kortrijk	KV Mechelen	2026-10-23T18:45:00+00:00	1	0.0	exact
m_1hmK9X	mapped	Royal Antwerp	Sporting Charleroi	2026-10-24T14:00:00+00:00	1	0.0	exact
m_0Zyf5p	mapped	OH Leuven	Lommel	2026-10-24T16:15:00+00:00	1	0.0	exact
m_0FU6Yt	mapped	RAAL La Louvière	Zulte Waregem	2026-10-24T18:45:00+00:00	1	0.0	exact
m_2YcZH0	mapped	Westerlo	SK Beveren	2026-10-24T18:45:00+00:00	1	0.0	exact
m_38393v	mapped	Genk	Standard Liège	2026-10-25T12:30:00+00:00	1	0.0	exact
m_4DRPKr	mapped	Club Brugge	St.Truiden	2026-10-25T15:00:00+00:00	1	0.0	exact
m_0I7QGl	mapped	Gent	Anderlecht	2026-10-25T17:30:00+00:00	1	0.0	exact
m_1TLHOO	mapped	Union St.Gilloise	Cercle Brugge	2026-10-25T18:15:00+00:00	1	0.0	exact
m_2T8QnJ	mapped	Zulte Waregem	Club Brugge	2026-10-30T19:45:00+00:00	1	0.0	exact
m_1X9Ter	mapped	KV Mechelen	Genk	2026-10-31T15:00:00+00:00	1	0.0	exact
m_16NpKG	mapped	Standard Liège	Kortrijk	2026-10-31T17:15:00+00:00	1	0.0	exact
m_2B2TmU	mapped	Anderlecht	Westerlo	2026-10-31T19:45:00+00:00	1	0.0	exact
m_3Uj2no	mapped	SK Beveren	Union St.Gilloise	2026-10-31T19:45:00+00:00	1	0.0	exact
m_0A4Iq5	mapped	Cercle Brugge	Royal Antwerp	2026-11-01T12:30:00+00:00	1	0.0	exact
m_3bo24D	mapped	St.Truiden	OH Leuven	2026-11-01T15:00:00+00:00	1	0.0	exact
m_4CxQAt	mapped	Lommel	Gent	2026-11-01T17:30:00+00:00	1	0.0	exact
m_20rWJL	mapped	Sporting Charleroi	RAAL La Louvière	2026-11-01T18:15:00+00:00	1	0.0	exact
m_2AeM1n	mapped	Standard Liège	SK Beveren	2026-11-06T19:45:00+00:00	1	0.0	exact
m_49BmX0	mapped	Westerlo	Sporting Charleroi	2026-11-07T15:00:00+00:00	1	0.0	exact
m_2mTlRY	mapped	OH Leuven	KV Mechelen	2026-11-07T17:15:00+00:00	1	0.0	exact
m_23nahk	mapped	Royal Antwerp	Lommel	2026-11-07T19:45:00+00:00	1	0.0	exact
m_15S8J5	mapped	RAAL La Louvière	Cercle Brugge	2026-11-07T19:45:00+00:00	1	0.0	exact
m_3j0Gh6	mapped	Club Brugge	Anderlecht	2026-11-08T12:30:00+00:00	1	0.0	exact
m_1IihxY	mapped	Gent	Kortrijk	2026-11-08T15:00:00+00:00	1	0.0	exact
m_4Avmz7	mapped	Union St.Gilloise	Genk	2026-11-08T17:30:00+00:00	1	0.0	exact
m_1SGX0x	mapped	St.Truiden	Zulte Waregem	2026-11-08T18:15:00+00:00	1	0.0	exact
m_0h4svj	mapped	Cercle Brugge	Westerlo	2026-11-20T19:45:00+00:00	1	0.0	exact
m_3TVwFX	mapped	Sporting Charleroi	St.Truiden	2026-11-21T15:00:00+00:00	1	0.0	exact
m_47zSbe	mapped	Genk	RAAL La Louvière	2026-11-21T17:15:00+00:00	1	0.0	exact
m_3J0Hxd	mapped	KV Mechelen	Club Brugge	2026-11-21T19:45:00+00:00	1	0.0	exact
m_1fI6f1	mapped	Zulte Waregem	Royal Antwerp	2026-11-21T19:45:00+00:00	1	0.0	exact
m_0FYEVK	mapped	SK Beveren	Gent	2026-11-22T12:30:00+00:00	1	0.0	exact
m_0pIsi0	mapped	Kortrijk	Union St.Gilloise	2026-11-22T15:00:00+00:00	1	0.0	exact
m_2SxIxt	mapped	Anderlecht	OH Leuven	2026-11-22T17:30:00+00:00	1	0.0	exact
m_10jYg0	mapped	Lommel	Standard Liège	2026-11-22T18:15:00+00:00	1	0.0	exact
m_3DtXWR	mapped	OH Leuven	Kortrijk	2026-11-27T19:45:00+00:00	1	0.0	exact
m_2rCZIv	mapped	Westerlo	RAAL La Louvière	2026-11-28T15:00:00+00:00	1	0.0	exact
m_3iQK3N	mapped	Cercle Brugge	KV Mechelen	2026-11-28T17:15:00+00:00	1	0.0	exact
m_0lEnns	mapped	Lommel	Zulte Waregem	2026-11-28T19:45:00+00:00	1	0.0	exact
m_3yaq0f	mapped	Sporting Charleroi	SK Beveren	2026-11-28T19:45:00+00:00	1	0.0	exact
m_3B1YkJ	mapped	St.Truiden	Genk	2026-11-29T12:30:00+00:00	1	0.0	exact
m_2vgOAX	mapped	Royal Antwerp	Anderlecht	2026-11-29T15:00:00+00:00	1	0.0	exact
m_14DPpA	mapped	Standard Liège	Club Brugge	2026-11-29T17:30:00+00:00	1	0.0	exact
m_1Zlj70	mapped	Union St.Gilloise	Gent	2026-11-29T18:15:00+00:00	1	0.0	exact
m_0gX3Nz	outside_source_window	Genk	OH Leuven	2026-12-11T19:45:00+00:00	0		unresolved
m_1QPjLB	outside_source_window	Kortrijk	Lommel	2026-12-12T15:00:00+00:00	0		unresolved
m_2Hy6xo	outside_source_window	RAAL La Louvière	Royal Antwerp	2026-12-12T17:15:00+00:00	0		unresolved
m_4IDAhu	outside_source_window	Zulte Waregem	Standard Liège	2026-12-12T19:45:00+00:00	0		unresolved
m_1CvADY	outside_source_window	SK Beveren	Cercle Brugge	2026-12-12T19:45:00+00:00	0		unresolved
m_3pDLQw	outside_source_window	Anderlecht	Sporting Charleroi	2026-12-13T12:30:00+00:00	0		unresolved
m_0XQ3wo	outside_source_window	Club Brugge	Westerlo	2026-12-13T15:00:00+00:00	0		unresolved
m_1tQuZj	outside_source_window	KV Mechelen	Union St.Gilloise	2026-12-13T17:30:00+00:00	0		unresolved
m_2Dag49	outside_source_window	Gent	St.Truiden	2026-12-13T18:15:00+00:00	0		unresolved
m_3JESiX	outside_source_window	Royal Antwerp	OH Leuven	2026-12-18T19:45:00+00:00	0		unresolved
m_2yjnsx	outside_source_window	SK Beveren	KV Mechelen	2026-12-19T15:00:00+00:00	0		unresolved
m_4XI8G8	outside_source_window	Cercle Brugge	Zulte Waregem	2026-12-19T17:15:00+00:00	0		unresolved
m_2IgIMQ	outside_source_window	Sporting Charleroi	Genk	2026-12-19T19:45:00+00:00	0		unresolved
m_0HtrBX	outside_source_window	Lommel	RAAL La Louvière	2026-12-19T19:45:00+00:00	0		unresolved
m_0LrGo9	outside_source_window	Standard Liège	Anderlecht	2026-12-20T12:30:00+00:00	0		unresolved
m_0gZON3	outside_source_window	St.Truiden	Kortrijk	2026-12-20T15:00:00+00:00	0		unresolved
m_3upOb8	outside_source_window	Union St.Gilloise	Club Brugge	2026-12-20T17:30:00+00:00	0		unresolved
m_2jFKXx	outside_source_window	Westerlo	Gent	2026-12-20T18:15:00+00:00	0		unresolved
m_2JCyqT	outside_source_window	Club Brugge	Sporting Charleroi	2026-12-26T12:30:00+00:00	0		unresolved
m_0GKlEJ	outside_source_window	Kortrijk	Cercle Brugge	2026-12-26T15:00:00+00:00	0		unresolved
m_08IEyQ	outside_source_window	OH Leuven	Westerlo	2026-12-26T17:15:00+00:00	0		unresolved
m_3RYglW	outside_source_window	RAAL La Louvière	SK Beveren	2026-12-26T19:45:00+00:00	0		unresolved
m_10cHSR	outside_source_window	Standard Liège	Union St.Gilloise	2026-12-26T19:45:00+00:00	0		unresolved
m_2HgsHC	outside_source_window	Anderlecht	St.Truiden	2026-12-27T12:30:00+00:00	0		unresolved
m_2vhUkQ	outside_source_window	Genk	Lommel	2026-12-27T15:00:00+00:00	0		unresolved
m_33zHjW	outside_source_window	Gent	Royal Antwerp	2026-12-27T17:30:00+00:00	0		unresolved
m_2wch8O	outside_source_window	KV Mechelen	Zulte Waregem	2026-12-27T18:15:00+00:00	0		unresolved
m_4HG7Cn	outside_source_window	SK Beveren	Club Brugge	2027-01-15T19:45:00+00:00	0		unresolved
m_1u0H7u	outside_source_window	Lommel	Anderlecht	2027-01-16T15:00:00+00:00	0		unresolved
m_2FCSBG	outside_source_window	Union St.Gilloise	RAAL La Louvière	2027-01-16T17:15:00+00:00	0		unresolved
m_2E2nlK	outside_source_window	Westerlo	Kortrijk	2027-01-16T19:45:00+00:00	0		unresolved
m_04GgVN	outside_source_window	Royal Antwerp	KV Mechelen	2027-01-16T19:45:00+00:00	0		unresolved
m_1GSYhd	outside_source_window	St.Truiden	Standard Liège	2027-01-17T12:30:00+00:00	0		unresolved
m_0fYuaW	outside_source_window	Cercle Brugge	Genk	2027-01-17T15:00:00+00:00	0		unresolved
m_1z0ny8	outside_source_window	Sporting Charleroi	Gent	2027-01-17T17:30:00+00:00	0		unresolved
m_2pSjAi	outside_source_window	Zulte Waregem	OH Leuven	2027-01-17T18:15:00+00:00	0		unresolved
m_1H2THR	outside_source_window	Gent	Cercle Brugge	2027-01-23T16:00:00+00:00	0		unresolved
m_0jxjNI	outside_source_window	Union St.Gilloise	SK Beveren	2027-01-23T16:00:00+00:00	0		unresolved
m_2lnChj	outside_source_window	KV Mechelen	Lommel	2027-01-23T16:00:00+00:00	0		unresolved
m_34dAS8	outside_source_window	Standard Liège	Westerlo	2027-01-23T16:00:00+00:00	0		unresolved
m_0AOvTc	outside_source_window	OH Leuven	St.Truiden	2027-01-23T16:00:00+00:00	0		unresolved
m_2esQBp	outside_source_window	Sporting Charleroi	Royal Antwerp	2027-01-23T16:00:00+00:00	0		unresolved
m_3klHls	outside_source_window	Club Brugge	RAAL La Louvière	2027-01-23T16:00:00+00:00	0		unresolved
m_18ETqu	outside_source_window	Kortrijk	Anderlecht	2027-01-23T16:00:00+00:00	0		unresolved
m_0x9eWS	outside_source_window	Genk	Zulte Waregem	2027-01-23T16:00:00+00:00	0		unresolved
m_4DQRF3	outside_source_window	Anderlecht	Gent	2027-01-30T16:00:00+00:00	0		unresolved
m_0gxkrS	outside_source_window	Zulte Waregem	Union St.Gilloise	2027-01-30T16:00:00+00:00	0		unresolved
m_0QbaCT	outside_source_window	Westerlo	Genk	2027-01-30T16:00:00+00:00	0		unresolved
m_0jlM4O	outside_source_window	St.Truiden	KV Mechelen	2027-01-30T16:00:00+00:00	0		unresolved
m_3cbjpD	outside_source_window	SK Beveren	Kortrijk	2027-01-30T16:00:00+00:00	0		unresolved
m_2KKT0c	outside_source_window	Royal Antwerp	Club Brugge	2027-01-30T16:00:00+00:00	0		unresolved
m_3qWQdj	outside_source_window	RAAL La Louvière	Sporting Charleroi	2027-01-30T16:00:00+00:00	0		unresolved
m_0KyHZq	outside_source_window	Lommel	OH Leuven	2027-01-30T16:00:00+00:00	0		unresolved
m_0NngqG	outside_source_window	Cercle Brugge	Standard Liège	2027-01-30T16:00:00+00:00	0		unresolved
m_1LWIwS	outside_source_window	Sporting Charleroi	Westerlo	2027-02-06T16:00:00+00:00	0		unresolved
m_04QfYt	outside_source_window	Union St.Gilloise	St.Truiden	2027-02-06T16:00:00+00:00	0		unresolved
m_0D0fta	outside_source_window	Genk	Royal Antwerp	2027-02-06T16:00:00+00:00	0		unresolved
m_0gPS8r	outside_source_window	Gent	SK Beveren	2027-02-06T16:00:00+00:00	0		unresolved
m_4I0NOw	outside_source_window	OH Leuven	Anderlecht	2027-02-06T16:00:00+00:00	0		unresolved
m_0n2mtj	outside_source_window	Zulte Waregem	Lommel	2027-02-06T16:00:00+00:00	0		unresolved
m_43xkNW	outside_source_window	Kortrijk	RAAL La Louvière	2027-02-06T16:00:00+00:00	0		unresolved
m_1B0r6h	outside_source_window	KV Mechelen	Cercle Brugge	2027-02-06T16:00:00+00:00	0		unresolved
m_1yjHqf	outside_source_window	Club Brugge	Standard Liège	2027-02-06T16:00:00+00:00	0		unresolved
m_0TxxfN	outside_source_window	Westerlo	Club Brugge	2027-02-13T16:00:00+00:00	0		unresolved
m_4SGgfp	outside_source_window	Anderlecht	KV Mechelen	2027-02-13T16:00:00+00:00	0		unresolved
m_2RiJw3	outside_source_window	Cercle Brugge	Sporting Charleroi	2027-02-13T16:00:00+00:00	0		unresolved
m_1kkwmP	outside_source_window	Lommel	Union St.Gilloise	2027-02-13T16:00:00+00:00	0		unresolved
m_0ZGMbC	outside_source_window	RAAL La Louvière	OH Leuven	2027-02-13T16:00:00+00:00	0		unresolved
m_4A8HYO	outside_source_window	Royal Antwerp	Kortrijk	2027-02-13T16:00:00+00:00	0		unresolved
m_09DIxc	outside_source_window	SK Beveren	Genk	2027-02-13T16:00:00+00:00	0		unresolved
m_3XE3ZK	outside_source_window	St.Truiden	Gent	2027-02-13T16:00:00+00:00	0		unresolved
m_1YflUc	outside_source_window	Standard Liège	Zulte Waregem	2027-02-13T16:00:00+00:00	0		unresolved
m_3kMzEI	outside_source_window	Sporting Charleroi	Standard Liège	2027-02-20T16:00:00+00:00	0		unresolved
m_0JIoRk	outside_source_window	OH Leuven	Royal Antwerp	2027-02-20T16:00:00+00:00	0		unresolved
m_3p7dGk	outside_source_window	KV Mechelen	SK Beveren	2027-02-20T16:00:00+00:00	0		unresolved
m_2k9Arg	outside_source_window	Zulte Waregem	Anderlecht	2027-02-20T16:00:00+00:00	0		unresolved
m_42OMPq	outside_source_window	Club Brugge	Lommel	2027-02-20T16:00:00+00:00	0		unresolved
m_358qZO	outside_source_window	Gent	RAAL La Louvière	2027-02-20T16:00:00+00:00	0		unresolved
m_3vXWxZ	outside_source_window	Kortrijk	Genk	2027-02-20T16:00:00+00:00	0		unresolved
m_3lZdSA	outside_source_window	Union St.Gilloise	Westerlo	2027-02-20T16:00:00+00:00	0		unresolved
m_2sPd5S	outside_source_window	St.Truiden	Cercle Brugge	2027-02-20T16:00:00+00:00	0		unresolved
m_3zakdJ	outside_source_window	Genk	Union St.Gilloise	2027-02-27T16:00:00+00:00	0		unresolved
m_2hrcwA	outside_source_window	RAAL La Louvière	St.Truiden	2027-02-27T16:00:00+00:00	0		unresolved
m_2FSKGZ	outside_source_window	Lommel	Kortrijk	2027-02-27T16:00:00+00:00	0		unresolved
m_48xmWf	outside_source_window	Royal Antwerp	Zulte Waregem	2027-02-27T16:00:00+00:00	0		unresolved
m_0Ty9To	outside_source_window	SK Beveren	Sporting Charleroi	2027-02-27T16:00:00+00:00	0		unresolved
m_35iKXI	outside_source_window	Standard Liège	Gent	2027-02-27T16:00:00+00:00	0		unresolved
m_09iIII	outside_source_window	Westerlo	KV Mechelen	2027-02-27T16:00:00+00:00	0		unresolved
m_23c35t	outside_source_window	Anderlecht	Club Brugge	2027-02-27T16:00:00+00:00	0		unresolved
m_21eNOj	outside_source_window	Cercle Brugge	OH Leuven	2027-02-27T16:00:00+00:00	0		unresolved
m_4KmX27	outside_source_window	KV Mechelen	Kortrijk	2027-03-06T16:00:00+00:00	0		unresolved
m_4YSlju	outside_source_window	OH Leuven	Genk	2027-03-06T16:00:00+00:00	0		unresolved
m_0Ti2K2	outside_source_window	Club Brugge	SK Beveren	2027-03-06T16:00:00+00:00	0		unresolved
m_23VfNV	outside_source_window	Westerlo	Anderlecht	2027-03-06T16:00:00+00:00	0		unresolved
m_2jrfIe	outside_source_window	Zulte Waregem	Cercle Brugge	2027-03-06T16:00:00+00:00	0		unresolved
m_3ldZRI	outside_source_window	Union St.Gilloise	Standard Liège	2027-03-06T16:00:00+00:00	0		unresolved
m_3zudWx	outside_source_window	Gent	Sporting Charleroi	2027-03-06T16:00:00+00:00	0		unresolved
m_1fv4k3	outside_source_window	St.Truiden	Royal Antwerp	2027-03-06T16:00:00+00:00	0		unresolved
m_2jAlCz	outside_source_window	RAAL La Louvière	Lommel	2027-03-06T16:00:00+00:00	0		unresolved
m_0I5jw8	outside_source_window	Royal Antwerp	RAAL La Louvière	2027-03-13T16:00:00+00:00	0		unresolved
m_03KYV4	outside_source_window	Sporting Charleroi	Club Brugge	2027-03-13T16:00:00+00:00	0		unresolved
m_2YenCq	outside_source_window	Standard Liège	KV Mechelen	2027-03-13T16:00:00+00:00	0		unresolved
m_3NTTGT	outside_source_window	Gent	Zulte Waregem	2027-03-13T16:00:00+00:00	0		unresolved
m_0QrkYb	outside_source_window	Anderlecht	Lommel	2027-03-13T16:00:00+00:00	0		unresolved
m_4B0rX9	outside_source_window	Cercle Brugge	Union St.Gilloise	2027-03-13T16:00:00+00:00	0		unresolved
m_1SNpTT	outside_source_window	Genk	St.Truiden	2027-03-13T16:00:00+00:00	0		unresolved
m_1oMZub	outside_source_window	Kortrijk	OH Leuven	2027-03-13T16:00:00+00:00	0		unresolved
m_0MO2BI	outside_source_window	SK Beveren	Westerlo	2027-03-13T16:00:00+00:00	0		unresolved
m_145Ly2	outside_source_window	St.Truiden	SK Beveren	2027-03-20T16:00:00+00:00	0		unresolved
m_0xO93N	outside_source_window	Westerlo	Cercle Brugge	2027-03-20T16:00:00+00:00	0		unresolved
m_438u69	outside_source_window	Zulte Waregem	Kortrijk	2027-03-20T16:00:00+00:00	0		unresolved
m_2WBWGz	outside_source_window	KV Mechelen	Sporting Charleroi	2027-03-20T16:00:00+00:00	0		unresolved
m_22Vqzu	outside_source_window	Lommel	Royal Antwerp	2027-03-20T16:00:00+00:00	0		unresolved
m_1pZ56f	outside_source_window	OH Leuven	Union St.Gilloise	2027-03-20T16:00:00+00:00	0		unresolved
m_3ujnpz	outside_source_window	RAAL La Louvière	Genk	2027-03-20T16:00:00+00:00	0		unresolved
m_4OVbm1	outside_source_window	Anderlecht	Standard Liège	2027-03-20T16:00:00+00:00	0		unresolved
m_0KFVhg	outside_source_window	Club Brugge	Gent	2027-03-20T16:00:00+00:00	0		unresolved
m_4AFHAo	outside_source_window	Standard Liège	St.Truiden	2027-04-03T15:00:00+00:00	0		unresolved
m_0T9RLv	outside_source_window	Sporting Charleroi	Lommel	2027-04-03T15:00:00+00:00	0		unresolved
m_4Q8HXY	outside_source_window	SK Beveren	Royal Antwerp	2027-04-03T15:00:00+00:00	0		unresolved
m_1s86wv	outside_source_window	Cercle Brugge	RAAL La Louvière	2027-04-03T15:00:00+00:00	0		unresolved
m_1R1gz2	outside_source_window	Genk	Anderlecht	2027-04-03T15:00:00+00:00	0		unresolved
m_1DHQro	outside_source_window	Kortrijk	Club Brugge	2027-04-03T15:00:00+00:00	0		unresolved
m_2n2BOP	outside_source_window	OH Leuven	Zulte Waregem	2027-04-03T15:00:00+00:00	0		unresolved
m_2haPut	outside_source_window	Gent	Westerlo	2027-04-03T15:00:00+00:00	0		unresolved
m_1KnLH3	outside_source_window	Union St.Gilloise	KV Mechelen	2027-04-03T15:00:00+00:00	0		unresolved
m_1dAC5Y	outside_source_window	Kortrijk	Standard Liège	2027-04-10T15:00:00+00:00	0		unresolved
m_1cAg99	outside_source_window	KV Mechelen	Gent	2027-04-10T15:00:00+00:00	0		unresolved
m_0Tsobo	outside_source_window	Lommel	Genk	2027-04-10T15:00:00+00:00	0		unresolved
m_2dxeUW	outside_source_window	RAAL La Louvière	Union St.Gilloise	2027-04-10T15:00:00+00:00	0		unresolved
m_4Bh8bG	outside_source_window	Royal Antwerp	Cercle Brugge	2027-04-10T15:00:00+00:00	0		unresolved
m_0gCAeX	outside_source_window	St.Truiden	Sporting Charleroi	2027-04-10T15:00:00+00:00	0		unresolved
m_1LhzGw	outside_source_window	Zulte Waregem	Westerlo	2027-04-10T15:00:00+00:00	0		unresolved
m_2sDCL2	outside_source_window	Anderlecht	SK Beveren	2027-04-10T15:00:00+00:00	0		unresolved
m_38qsrF	outside_source_window	Club Brugge	OH Leuven	2027-04-10T15:00:00+00:00	0		unresolved
m_3vfYU3	outside_source_window	Genk	Club Brugge	2027-04-17T15:00:00+00:00	0		unresolved
m_4cUxcW	outside_source_window	Union St.Gilloise	Royal Antwerp	2027-04-17T15:00:00+00:00	0		unresolved
m_0I7ggf	outside_source_window	Gent	Lommel	2027-04-17T15:00:00+00:00	0		unresolved
m_1vYZoe	outside_source_window	Sporting Charleroi	Anderlecht	2027-04-17T15:00:00+00:00	0		unresolved
m_1KBEVe	outside_source_window	SK Beveren	Zulte Waregem	2027-04-17T15:00:00+00:00	0		unresolved
m_1hOhoB	outside_source_window	KV Mechelen	RAAL La Louvière	2027-04-17T15:00:00+00:00	0		unresolved
m_0tYKR1	outside_source_window	Westerlo	St.Truiden	2027-04-17T15:00:00+00:00	0		unresolved
m_0HIYug	outside_source_window	Cercle Brugge	Kortrijk	2027-04-17T15:00:00+00:00	0		unresolved
m_2nyWb1	outside_source_window	Standard Liège	OH Leuven	2027-04-17T15:00:00+00:00	0		unresolved
m_2qiNSH	outside_source_window	RAAL La Louvière	Standard Liège	2027-04-24T15:00:00+00:00	0		unresolved
m_1SMNih	outside_source_window	Anderlecht	Cercle Brugge	2027-04-24T15:00:00+00:00	0		unresolved
m_0jVWNP	outside_source_window	Club Brugge	Union St.Gilloise	2027-04-24T15:00:00+00:00	0		unresolved
m_2XgCTZ	outside_source_window	Genk	Sporting Charleroi	2027-04-24T15:00:00+00:00	0		unresolved
m_1qFBx3	outside_source_window	Kortrijk	Westerlo	2027-04-24T15:00:00+00:00	0		unresolved
m_4OpxQm	outside_source_window	Lommel	St.Truiden	2027-04-24T15:00:00+00:00	0		unresolved
m_0pKFhT	outside_source_window	Royal Antwerp	Gent	2027-04-24T15:00:00+00:00	0		unresolved
m_3HE7Uu	outside_source_window	Zulte Waregem	KV Mechelen	2027-04-24T15:00:00+00:00	0		unresolved
m_1goDzt	outside_source_window	OH Leuven	SK Beveren	2027-04-24T15:00:00+00:00	0		unresolved
m_3EAKLX	outside_source_window	Cercle Brugge	Club Brugge	2027-05-01T15:00:00+00:00	0		unresolved
m_0YrnBV	outside_source_window	Gent	Genk	2027-05-01T15:00:00+00:00	0		unresolved
m_1cWGLE	outside_source_window	KV Mechelen	Royal Antwerp	2027-05-01T15:00:00+00:00	0		unresolved
m_0tBqUS	outside_source_window	SK Beveren	RAAL La Louvière	2027-05-01T15:00:00+00:00	0		unresolved
m_0JPoPd	outside_source_window	Sporting Charleroi	Zulte Waregem	2027-05-01T15:00:00+00:00	0		unresolved
m_41hemK	outside_source_window	Westerlo	OH Leuven	2027-05-01T15:00:00+00:00	0		unresolved
m_4UVPn5	outside_source_window	Union St.Gilloise	Kortrijk	2027-05-01T15:00:00+00:00	0		unresolved
m_0cbwsi	outside_source_window	Standard Liège	Lommel	2027-05-01T15:00:00+00:00	0		unresolved
m_4SGNhd	outside_source_window	St.Truiden	Anderlecht	2027-05-01T15:00:00+00:00	0		unresolved
m_3mfbFW	outside_source_window	Club Brugge	KV Mechelen	2027-05-08T15:00:00+00:00	0		unresolved
m_2q9kuv	outside_source_window	Kortrijk	Gent	2027-05-08T15:00:00+00:00	0		unresolved
m_05RmpY	outside_source_window	OH Leuven	Sporting Charleroi	2027-05-08T15:00:00+00:00	0		unresolved
m_0yOll3	outside_source_window	Royal Antwerp	Standard Liège	2027-05-08T15:00:00+00:00	0		unresolved
m_2s6xyY	outside_source_window	Zulte Waregem	St.Truiden	2027-05-08T15:00:00+00:00	0		unresolved
m_19n3Zf	outside_source_window	Lommel	SK Beveren	2027-05-08T15:00:00+00:00	0		unresolved
m_14n4y8	outside_source_window	RAAL La Louvière	Westerlo	2027-05-08T15:00:00+00:00	0		unresolved
m_3LnbTd	outside_source_window	Genk	Cercle Brugge	2027-05-08T15:00:00+00:00	0		unresolved
m_397IlL	outside_source_window	Anderlecht	Union St.Gilloise	2027-05-08T15:00:00+00:00	0		unresolved
m_2PUwys	outside_source_window	KV Mechelen	OH Leuven	2027-05-15T15:00:00+00:00	0		unresolved
m_1C6sF1	outside_source_window	St.Truiden	Club Brugge	2027-05-15T15:00:00+00:00	0		unresolved
m_2luLAy	outside_source_window	Standard Liège	Genk	2027-05-15T15:00:00+00:00	0		unresolved
m_3P7UIR	outside_source_window	Westerlo	Lommel	2027-05-15T15:00:00+00:00	0		unresolved
m_0o5AZb	outside_source_window	Zulte Waregem	RAAL La Louvière	2027-05-15T15:00:00+00:00	0		unresolved
m_3O2r5B	outside_source_window	Gent	Union St.Gilloise	2027-05-15T15:00:00+00:00	0		unresolved
m_0Ogs25	outside_source_window	Cercle Brugge	SK Beveren	2027-05-15T15:00:00+00:00	0		unresolved
m_3t8z30	outside_source_window	Anderlecht	Royal Antwerp	2027-05-15T15:00:00+00:00	0		unresolved
m_0fM5GU	outside_source_window	Sporting Charleroi	Kortrijk	2027-05-15T15:00:00+00:00	0		unresolved
m_4Slw8W	outside_source_window	Royal Antwerp	Westerlo	2027-05-22T15:00:00+00:00	0		unresolved
m_4OVNST	outside_source_window	RAAL La Louvière	Anderlecht	2027-05-22T15:00:00+00:00	0		unresolved
m_1PcnqX	outside_source_window	OH Leuven	Gent	2027-05-22T15:00:00+00:00	0		unresolved
m_4MthoH	outside_source_window	Club Brugge	Zulte Waregem	2027-05-22T15:00:00+00:00	0		unresolved
m_39cUbS	outside_source_window	Lommel	Cercle Brugge	2027-05-22T15:00:00+00:00	0		unresolved
m_4JCqbn	outside_source_window	Kortrijk	St.Truiden	2027-05-22T15:00:00+00:00	0		unresolved
m_1x1uJ3	outside_source_window	Genk	KV Mechelen	2027-05-22T15:00:00+00:00	0		unresolved
m_4RrzGr	outside_source_window	Union St.Gilloise	Sporting Charleroi	2027-05-22T15:00:00+00:00	0		unresolved
m_2U6zFq	outside_source_window	SK Beveren	Standard Liège	2027-05-22T15:00:00+00:00	0		unresolved
