fixture_id	provider_match_id	confidence	reason	provider	home_team_id	away_team_id	kickoff_utc	mapped_at
fx:3c53806107cedb3f2cf9	m_2qqBx6	1.0	normalized oriented team pair + kickoff tolerance	pitchapi	belgium:club-brugge	belgium:kortrijk	2026-08-07 18:45:00+00:00	2026-10-02T15:38:52.882812+00:00
fx:773951bcbd3800d1b3d5	m_2IEVeu	1.0	normalized oriented team pair + kickoff tolerance	pitchapi	belgium:standard	belgium:cercle-brugge	2026-08-08 16:15:00+00:00	2026-10-02T15:38:52.882812+00:00
fx:bdaba77d42adbc23137e	m_2GIpjC	1.0	normalized oriented team pair + kickoff tolerance	pitchapi	belgium:westerlo	belgium:st-gilloise	2026-08-08 18:45:00+00:00	2026-10-02T15:38:52.882812+00:00
fx:90c7fc8ad5a93720fa8d	m_0SAZqY	1.0	normalized oriented team pair + kickoff tolerance	pitchapi	belgium:gent	belgium:mechelen	2026-08-09 11:30:00+00:00	2026-10-02T15:38:52.882812+00:00
fx:464588acb7e7ae5de5e8	m_4IlLVU	1.0	normalized oriented team pair + kickoff tolerance	pitchapi	belgium:waregem	belgium:genk	2026-08-09 14:00:00+00:00	2026-10-02T15:38:52.882812+00:00
fx:ebe88e5edcf36b4ab320	m_1d9j4p	1.0	normalized oriented team pair + kickoff tolerance	pitchapi	belgium:anderlecht	belgium:raal-la-louviere	2026-08-09 16:30:00+00:00	2026-10-02T15:38:52.882812+00:00
fx:047941380da95965ffae	m_3xB8vG	1.0	normalized oriented team pair + kickoff tolerance	pitchapi	belgium:cercle-brugge	belgium:st-truiden	2026-08-14 18:45:00+00:00	2026-10-02T15:38:52.882812+00:00
fx:ee8fc0866ebbd5b34069	m_2FnIY2	1.0	normalized oriented team pair + kickoff tolerance	pitchapi	belgium:st-gilloise	belgium:waregem	2026-08-15 14:00:00+00:00	2026-10-02T15:38:52.882812+00:00
fx:70550ace60a5dba74293	m_1ZTUXr	1.0	normalized oriented team pair + kickoff tolerance	pitchapi	belgium:genk	belgium:westerlo	2026-08-15 18:45:00+00:00	2026-10-02T15:38:52.882812+00:00
fx:caa4cc586c9937eaa73f	m_4Q2Qwj	1.0	normalized oriented team pair + kickoff tolerance	pitchapi	belgium:raal-la-louviere	belgium:gent	2026-08-16 14:00:00+00:00	2026-10-02T15:38:52.882812+00:00
fx:4e9fca61d5d677b1f531	m_4Gz1Ui	1.0	normalized oriented team pair + kickoff tolerance	pitchapi	belgium:mechelen	belgium:standard	2026-08-16 16:30:00+00:00	2026-10-02T15:38:52.882812+00:00
fx:dba7a19f050b097e95b6	m_1o7fmU	1.0	normalized oriented team pair + kickoff tolerance	pitchapi	belgium:standard	belgium:raal-la-louviere	2026-08-21 18:45:00+00:00	2026-10-02T15:38:52.882812+00:00
fx:0255480e1a30edfd897f	m_24hAyR	1.0	normalized oriented team pair + kickoff tolerance	pitchapi	belgium:club-brugge	belgium:cercle-brugge	2026-08-23 16:30:00+00:00	2026-10-02T15:38:52.882812+00:00
fx:c1c07bf5dd9958d9dd4b	m_1xg2uy	1.0	normalized oriented team pair + kickoff tolerance	pitchapi	belgium:raal-la-louviere	belgium:mechelen	2026-08-29 14:00:00+00:00	2026-10-02T15:38:52.882812+00:00
fx:aadd319a99adb6a05c9c	m_2prt9f	1.0	normalized oriented team pair + kickoff tolerance	pitchapi	belgium:gent	belgium:club-brugge	2026-08-30 11:30:00+00:00	2026-10-02T15:38:52.882812+00:00
fx:824b9ac3f116ac43b493	m_2GNYY9	1.0	normalized oriented team pair + kickoff tolerance	pitchapi	belgium:st-gilloise	belgium:anderlecht	2026-08-30 16:30:00+00:00	2026-10-02T15:38:52.882812+00:00
fx:3f306d5a8b50851d12a7	m_1M7fgE	1.0	normalized oriented team pair + kickoff tolerance	pitchapi	belgium:westerlo	belgium:waregem	2026-08-30 17:15:00+00:00	2026-10-02T15:38:52.882812+00:00
fx:60f03d2f0b4e241617c9	m_16fC8r	1.0	normalized oriented team pair + kickoff tolerance	pitchapi	belgium:st-truiden	belgium:st-gilloise	2026-09-02 18:30:00+00:00	2026-10-02T15:38:52.882812+00:00
fx:2c91d3654eee574ae457	m_3vHcTH	1.0	normalized oriented team pair + kickoff tolerance	pitchapi	belgium:anderlecht	belgium:kortrijk	2026-09-03 18:30:00+00:00	2026-10-02T15:38:52.882812+00:00
fx:d70337f5ea605d154a4e	m_4IUSWu	1.0	normalized oriented team pair + kickoff tolerance	pitchapi	belgium:mechelen	belgium:westerlo	2026-09-05 16:15:00+00:00	2026-10-02T15:38:52.882812+00:00
fx:a71071ecb521f4730f16	m_2IOzm7	1.0	normalized oriented team pair + kickoff tolerance	pitchapi	belgium:st-truiden	belgium:raal-la-louviere	2026-09-05 18:45:00+00:00	2026-10-02T15:38:52.882812+00:00
fx:8356bb9bc17f48a44733	m_0BWPts	1.0	normalized oriented team pair + kickoff tolerance	pitchapi	belgium:cercle-brugge	belgium:gent	2026-09-06 11:30:00+00:00	2026-10-02T15:38:52.882812+00:00
fx:4dee6d3a2467e28ebcca	m_3z5L2j	1.0	normalized oriented team pair + kickoff tolerance	pitchapi	belgium:kortrijk	belgium:waregem	2026-09-06 14:00:00+00:00	2026-10-02T15:38:52.882812+00:00
fx:a0960f7a254635289f32	m_4G7TMV	1.0	normalized oriented team pair + kickoff tolerance	pitchapi	belgium:anderlecht	belgium:genk	2026-09-06 16:30:00+00:00	2026-10-02T15:38:52.882812+00:00
fx:43e65627c4b0ccf7fdf9	m_3JUER5	1.0	normalized oriented team pair + kickoff tolerance	pitchapi	belgium:mechelen	belgium:anderlecht	2026-09-11 18:45:00+00:00	2026-10-02T15:38:52.882812+00:00
fx:a3d9c10b7dcb781ad680	m_1Glzgr	1.0	normalized oriented team pair + kickoff tolerance	pitchapi	belgium:westerlo	belgium:standard	2026-09-12 16:15:00+00:00	2026-10-02T15:38:52.882812+00:00
fx:ef57935613a294898755	m_2CQNIR	1.0	normalized oriented team pair + kickoff tolerance	pitchapi	belgium:genk	belgium:gent	2026-09-13 14:00:00+00:00	2026-10-02T15:38:52.882812+00:00
fx:e2aea7d955c1f8b93073	m_1TYoQo	1.0	normalized oriented team pair + kickoff tolerance	pitchapi	belgium:raal-la-louviere	belgium:kortrijk	2026-09-13 17:15:00+00:00	2026-10-02T15:38:52.882812+00:00
fx:699c8e59315f7f98d3cf	m_4E0SKE	1.0	normalized oriented team pair + kickoff tolerance	pitchapi	belgium:gent	belgium:standard	2026-09-18 18:45:00+00:00	2026-10-02T15:38:52.882812+00:00
fx:22e91949dd0a14fdaaa4	m_3DwvqE	1.0	normalized oriented team pair + kickoff tolerance	pitchapi	belgium:anderlecht	belgium:waregem	2026-09-19 18:45:00+00:00	2026-10-02T15:38:52.882812+00:00
fx:7d30683873c5d4d1d4a0	m_3JrilL	1.0	normalized oriented team pair + kickoff tolerance	pitchapi	belgium:st-truiden	belgium:westerlo	2026-09-20 14:00:00+00:00	2026-10-02T15:38:52.882812+00:00
fx:60700cbe9e33875a2712	m_4bztiB	1.0	normalized oriented team pair + kickoff tolerance	pitchapi	belgium:club-brugge	belgium:genk	2026-09-20 16:30:00+00:00	2026-10-02T15:38:52.882812+00:00
belgium:espn:401878976	m_0SvN1v	1.0	normalized oriented team pair + kickoff tolerance	pitchapi	belgium:beveren	belgium:lommel-sk	2026-10-09 18:45:00+00:00	2026-10-02T15:53:30.217779+00:00
belgium:espn:401878977	m_0GvgcM	1.0	normalized oriented team pair + kickoff tolerance	pitchapi	belgium:cercle-brugge	belgium:anderlecht	2026-10-10 14:00:00+00:00	2026-10-02T15:53:30.217779+00:00
belgium:espn:401878978	m_2tVQiH	1.0	normalized oriented team pair + kickoff tolerance	pitchapi	belgium:raal-la-louviere	belgium:club-brugge	2026-10-10 16:15:00+00:00	2026-10-02T15:53:30.217779+00:00
belgium:espn:401878974	m_2Mrz7V	1.0	normalized oriented team pair + kickoff tolerance	pitchapi	belgium:waregem	belgium:gent	2026-10-10 18:45:00+00:00	2026-10-02T15:53:30.217779+00:00
belgium:espn:401878973	m_0mmlz2	1.0	normalized oriented team pair + kickoff tolerance	pitchapi	belgium:genk	belgium:kortrijk	2026-10-10 18:45:00+00:00	2026-10-02T15:53:30.217779+00:00
belgium:espn:401878971	m_480fBH	1.0	normalized oriented team pair + kickoff tolerance	pitchapi	belgium:standard	belgium:charleroi	2026-10-11 11:30:00+00:00	2026-10-02T15:53:30.217779+00:00
belgium:espn:401878975	m_3WOmX1	1.0	normalized oriented team pair + kickoff tolerance	pitchapi	belgium:st-gilloise	belgium:leuven	2026-10-11 14:00:00+00:00	2026-10-02T15:53:30.217779+00:00
belgium:espn:401878970	m_4C8yUu	1.0	normalized oriented team pair + kickoff tolerance	pitchapi	belgium:westerlo	belgium:antwerp	2026-10-11 16:30:00+00:00	2026-10-02T15:53:30.217779+00:00
belgium:espn:401878972	m_4ejI3H	1.0	normalized oriented team pair + kickoff tolerance	pitchapi	belgium:mechelen	belgium:st-truiden	2026-10-11 17:15:00+00:00	2026-10-02T15:53:30.217779+00:00
belgium:espn:401878967	m_4JyHOG	1.0	normalized oriented team pair + kickoff tolerance	pitchapi	belgium:kortrijk	belgium:mechelen	2026-10-23 18:45:00+00:00	2026-10-02T15:53:30.217779+00:00
belgium:espn:401878968	m_1hmK9X	1.0	normalized oriented team pair + kickoff tolerance	pitchapi	belgium:antwerp	belgium:charleroi	2026-10-24 14:00:00+00:00	2026-10-02T15:53:30.217779+00:00
belgium:espn:401878969	m_0Zyf5p	1.0	normalized oriented team pair + kickoff tolerance	pitchapi	belgium:leuven	belgium:lommel-sk	2026-10-24 16:15:00+00:00	2026-10-02T15:53:30.217779+00:00
belgium:espn:401878966	m_0FU6Yt	1.0	normalized oriented team pair + kickoff tolerance	pitchapi	belgium:raal-la-louviere	belgium:waregem	2026-10-24 18:45:00+00:00	2026-10-02T15:53:30.217779+00:00
belgium:espn:401878965	m_2YcZH0	1.0	normalized oriented team pair + kickoff tolerance	pitchapi	belgium:westerlo	belgium:beveren	2026-10-24 18:45:00+00:00	2026-10-02T15:53:30.217779+00:00
belgium:espn:401878963	m_38393v	1.0	normalized oriented team pair + kickoff tolerance	pitchapi	belgium:genk	belgium:standard	2026-10-25 12:30:00+00:00	2026-10-02T15:53:30.217779+00:00
belgium:espn:401878964	m_4DRPKr	1.0	normalized oriented team pair + kickoff tolerance	pitchapi	belgium:club-brugge	belgium:st-truiden	2026-10-25 15:00:00+00:00	2026-10-02T15:53:30.217779+00:00
belgium:espn:401878962	m_0I7QGl	1.0	normalized oriented team pair + kickoff tolerance	pitchapi	belgium:gent	belgium:anderlecht	2026-10-25 17:30:00+00:00	2026-10-02T15:53:30.217779+00:00
belgium:espn:401878961	m_1TLHOO	1.0	normalized oriented team pair + kickoff tolerance	pitchapi	belgium:st-gilloise	belgium:cercle-brugge	2026-10-25 18:15:00+00:00	2026-10-02T15:53:30.217779+00:00
belgium:espn:401878956	m_2T8QnJ	1.0	normalized oriented team pair + kickoff tolerance	pitchapi	belgium:waregem	belgium:club-brugge	2026-10-30 19:45:00+00:00	2026-10-02T15:53:30.217779+00:00
belgium:espn:401878958	m_1X9Ter	1.0	normalized oriented team pair + kickoff tolerance	pitchapi	belgium:mechelen	belgium:genk	2026-10-31 15:00:00+00:00	2026-10-02T15:53:30.217779+00:00
belgium:espn:401878953	m_16NpKG	1.0	normalized oriented team pair + kickoff tolerance	pitchapi	belgium:standard	belgium:kortrijk	2026-10-31 17:15:00+00:00	2026-10-02T15:53:30.217779+00:00
belgium:espn:401878960	m_2B2TmU	1.0	normalized oriented team pair + kickoff tolerance	pitchapi	belgium:anderlecht	belgium:westerlo	2026-10-31 19:45:00+00:00	2026-10-02T15:53:30.217779+00:00
belgium:espn:401878957	m_3Uj2no	1.0	normalized oriented team pair + kickoff tolerance	pitchapi	belgium:beveren	belgium:st-gilloise	2026-10-31 19:45:00+00:00	2026-10-02T15:53:30.217779+00:00
belgium:espn:401878959	m_0A4Iq5	1.0	normalized oriented team pair + kickoff tolerance	pitchapi	belgium:cercle-brugge	belgium:antwerp	2026-11-01 12:30:00+00:00	2026-10-02T15:53:30.217779+00:00
belgium:espn:401878952	m_3bo24D	1.0	normalized oriented team pair + kickoff tolerance	pitchapi	belgium:st-truiden	belgium:leuven	2026-11-01 15:00:00+00:00	2026-10-02T15:53:30.217779+00:00
belgium:espn:401878954	m_4CxQAt	1.0	normalized oriented team pair + kickoff tolerance	pitchapi	belgium:lommel-sk	belgium:gent	2026-11-01 17:30:00+00:00	2026-10-02T15:53:30.217779+00:00
belgium:espn:401878955	m_20rWJL	1.0	normalized oriented team pair + kickoff tolerance	pitchapi	belgium:charleroi	belgium:raal-la-louviere	2026-11-01 18:15:00+00:00	2026-10-02T15:53:30.217779+00:00
belgium:espn:401878951	m_2AeM1n	1.0	normalized oriented team pair + kickoff tolerance	pitchapi	belgium:standard	belgium:beveren	2026-11-06 19:45:00+00:00	2026-10-02T15:53:30.217779+00:00
belgium:espn:401878947	m_49BmX0	1.0	normalized oriented team pair + kickoff tolerance	pitchapi	belgium:westerlo	belgium:charleroi	2026-11-07 15:00:00+00:00	2026-10-02T15:53:30.217779+00:00
belgium:espn:401878949	m_2mTlRY	1.0	normalized oriented team pair + kickoff tolerance	pitchapi	belgium:leuven	belgium:mechelen	2026-11-07 17:15:00+00:00	2026-10-02T15:53:30.217779+00:00
belgium:espn:401878950	m_23nahk	1.0	normalized oriented team pair + kickoff tolerance	pitchapi	belgium:antwerp	belgium:lommel-sk	2026-11-07 19:45:00+00:00	2026-10-02T15:53:30.217779+00:00
belgium:espn:401878948	m_15S8J5	1.0	normalized oriented team pair + kickoff tolerance	pitchapi	belgium:raal-la-louviere	belgium:cercle-brugge	2026-11-07 19:45:00+00:00	2026-10-02T15:53:30.217779+00:00
belgium:espn:401878946	m_3j0Gh6	1.0	normalized oriented team pair + kickoff tolerance	pitchapi	belgium:club-brugge	belgium:anderlecht	2026-11-08 12:30:00+00:00	2026-10-02T15:53:30.217779+00:00
belgium:espn:401878945	m_1IihxY	1.0	normalized oriented team pair + kickoff tolerance	pitchapi	belgium:gent	belgium:kortrijk	2026-11-08 15:00:00+00:00	2026-10-02T15:53:30.217779+00:00
belgium:espn:401878943	m_4Avmz7	1.0	normalized oriented team pair + kickoff tolerance	pitchapi	belgium:st-gilloise	belgium:genk	2026-11-08 17:30:00+00:00	2026-10-02T15:53:30.217779+00:00
belgium:espn:401878944	m_1SGX0x	1.0	normalized oriented team pair + kickoff tolerance	pitchapi	belgium:st-truiden	belgium:waregem	2026-11-08 18:15:00+00:00	2026-10-02T15:53:30.217779+00:00
belgium:espn:401878937	m_0h4svj	1.0	normalized oriented team pair + kickoff tolerance	pitchapi	belgium:cercle-brugge	belgium:westerlo	2026-11-20 19:45:00+00:00	2026-10-02T15:53:30.217779+00:00
belgium:espn:401878940	m_3TVwFX	1.0	normalized oriented team pair + kickoff tolerance	pitchapi	belgium:charleroi	belgium:st-truiden	2026-11-21 15:00:00+00:00	2026-10-02T15:53:30.217779+00:00
belgium:espn:401878939	m_47zSbe	1.0	normalized oriented team pair + kickoff tolerance	pitchapi	belgium:genk	belgium:raal-la-louviere	2026-11-21 17:15:00+00:00	2026-10-02T15:53:30.217779+00:00
belgium:espn:401878935	m_3J0Hxd	1.0	normalized oriented team pair + kickoff tolerance	pitchapi	belgium:mechelen	belgium:club-brugge	2026-11-21 19:45:00+00:00	2026-10-02T15:53:30.217779+00:00
belgium:espn:401878938	m_1fI6f1	1.0	normalized oriented team pair + kickoff tolerance	pitchapi	belgium:waregem	belgium:antwerp	2026-11-21 19:45:00+00:00	2026-10-02T15:53:30.217779+00:00
belgium:espn:401878942	m_0FYEVK	1.0	normalized oriented team pair + kickoff tolerance	pitchapi	belgium:beveren	belgium:gent	2026-11-22 12:30:00+00:00	2026-10-02T15:53:30.217779+00:00
belgium:espn:401878936	m_0pIsi0	1.0	normalized oriented team pair + kickoff tolerance	pitchapi	belgium:kortrijk	belgium:st-gilloise	2026-11-22 15:00:00+00:00	2026-10-02T15:53:30.217779+00:00
belgium:espn:401878941	m_2SxIxt	1.0	normalized oriented team pair + kickoff tolerance	pitchapi	belgium:anderlecht	belgium:leuven	2026-11-22 17:30:00+00:00	2026-10-02T15:53:30.217779+00:00
belgium:espn:401878934	m_10jYg0	1.0	normalized oriented team pair + kickoff tolerance	pitchapi	belgium:lommel-sk	belgium:standard	2026-11-22 18:15:00+00:00	2026-10-02T15:53:30.217779+00:00
belgium:espn:401878930	m_3DtXWR	1.0	normalized oriented team pair + kickoff tolerance	pitchapi	belgium:leuven	belgium:kortrijk	2026-11-27 19:45:00+00:00	2026-10-02T15:53:30.217779+00:00
belgium:espn:401878929	m_2rCZIv	1.0	normalized oriented team pair + kickoff tolerance	pitchapi	belgium:westerlo	belgium:raal-la-louviere	2026-11-28 15:00:00+00:00	2026-10-02T15:53:30.217779+00:00
belgium:espn:401878932	m_3iQK3N	1.0	normalized oriented team pair + kickoff tolerance	pitchapi	belgium:cercle-brugge	belgium:mechelen	2026-11-28 17:15:00+00:00	2026-10-02T15:53:30.217779+00:00
belgium:espn:401878931	m_0lEnns	1.0	normalized oriented team pair + kickoff tolerance	pitchapi	belgium:lommel-sk	belgium:waregem	2026-11-28 19:45:00+00:00	2026-10-02T15:53:30.217779+00:00
belgium:espn:401878933	m_3yaq0f	1.0	normalized oriented team pair + kickoff tolerance	pitchapi	belgium:charleroi	belgium:beveren	2026-11-28 19:45:00+00:00	2026-10-02T15:53:30.217779+00:00
belgium:espn:401878926	m_3B1YkJ	1.0	normalized oriented team pair + kickoff tolerance	pitchapi	belgium:st-truiden	belgium:genk	2026-11-29 12:30:00+00:00	2026-10-02T15:53:30.217779+00:00
belgium:espn:401878928	m_2vgOAX	1.0	normalized oriented team pair + kickoff tolerance	pitchapi	belgium:antwerp	belgium:anderlecht	2026-11-29 15:00:00+00:00	2026-10-02T15:53:30.217779+00:00
belgium:espn:401878927	m_14DPpA	1.0	normalized oriented team pair + kickoff tolerance	pitchapi	belgium:standard	belgium:club-brugge	2026-11-29 17:30:00+00:00	2026-10-02T15:53:30.217779+00:00
belgium:espn:401878925	m_1Zlj70	1.0	normalized oriented team pair + kickoff tolerance	pitchapi	belgium:st-gilloise	belgium:gent	2026-11-29 18:15:00+00:00	2026-10-02T15:53:30.217779+00:00
