fixture_id,provider_event_id,source,observed_at,kickoff_utc,edition_id,rules_version,Date,Time,HomeTeam,AwayTeam,home_team_id,away_team_id,Status,home_history_n,home_rest_days,home_points_l5,home_goals_for_l5,home_goals_against_l5,home_goal_diff_l10,home_clean_sheet_l10,home_shots_for_ewm10,home_shots_against_ewm10,away_history_n,away_rest_days,away_points_l5,away_goals_for_l5,away_goals_against_l5,away_goal_diff_l10,away_clean_sheet_l10,away_shots_for_ewm10,away_shots_against_ewm10,HomeTeamPointsLast5,AwayTeamPointsLast5,HomeRestDays,AwayRestDays,as_of,HomeWin_Prob,Draw_Prob,AwayWin_Prob,PredictedResult,ModelLean,ModelLeanProbability,Risk_Score,Confidence_Score,Risk_Category,Recommendation,BetRecommendation,BetReason,PredictionGeneratedAt
belgium:espn:401878976,401878976,espn,2026-10-02T11:50:59.989246+00:00,2026-10-09 18:45:00+00:00,bel.1:2026-27,bel.1-2026-27-v1,2026-10-09,20:45,Beveren,Lommel SK,belgium:beveren,belgium:lommel-sk,STATUS_SCHEDULED,7,19.0625,6.0,1.0,1.8,-0.5714285714285714,0.42857142857142855,10.567179453600524,16.323142697316094,7,20.0,7.0,1.0,1.2,-0.2857142857142857,0.42857142857142855,9.629439234663666,22.884790306402085,6.0,7.0,19.0625,20.0,2026-10-02T16:16:12.731495+00:00,0.4421473993331108,0.25654950867513016,0.301303091991759,Home Win,Beveren,0.4421473993331108,84.55350368666306,0.1544649631333693,High Risk,No Clear Edge,No bet,Market odds unavailable; betting value cannot be established.,2026-10-02T16:16:18.354637+00:00
belgium:espn:401878977,401878977,espn,2026-10-02T11:50:59.989246+00:00,2026-10-10 14:00:00+00:00,bel.1:2026-27,bel.1-2026-27-v1,2026-10-10,16:00,Cercle Brugge,Anderlecht,belgium:cercle-brugge,belgium:anderlecht,STATUS_SCHEDULED,153,20.90625,1.0,0.6,1.8,-0.9,0.0,13.45563908049167,12.729539100498465,161,20.802083333333332,10.0,1.0,0.6,0.0,0.4,14.985908285443308,11.698540989601922,1.0,10.0,20.90625,20.802083333333332,2026-10-02T16:16:12.731495+00:00,0.3403783364696671,0.4027928416680805,0.2568288218622525,Draw,Draw,0.4027928416680805,91.21573816601996,0.08784261833980046,High Risk,No Clear Edge,No bet,Market odds unavailable; betting value cannot be established.,2026-10-02T16:16:18.354637+00:00
belgium:espn:401878978,401878978,espn,2026-10-02T11:50:59.989246+00:00,2026-10-10 16:15:00+00:00,bel.1:2026-27,bel.1-2026-27-v1,2026-10-10,18:15,RAAL La Louviere,Club Brugge,belgium:raal-la-louviere,belgium:club-brugge,STATUS_SCHEDULED,42,21.09375,4.0,1.0,2.0,-1.0,0.1,11.450219320657508,13.930847104225174,161,19.989583333333332,12.0,1.8,0.6,2.2,0.7,19.300303603680184,13.951971160237399,4.0,12.0,21.09375,19.989583333333332,2026-10-02T16:16:12.731495+00:00,0.20632447229344947,0.44564161941808833,0.34803390828846237,Draw,Draw,0.44564161941808833,85.92633300892832,0.14073666991071676,High Risk,No Clear Edge,No bet,Market odds unavailable; betting value cannot be established.,2026-10-02T16:16:18.354637+00:00
belgium:espn:401878973,401878973,espn,2026-10-02T11:50:59.989246+00:00,2026-10-10 18:45:00+00:00,bel.1:2026-27,bel.1-2026-27-v1,2026-10-10,20:45,Genk,Kortrijk,belgium:genk,belgium:kortrijk,STATUS_SCHEDULED,162,20.09375,6.0,1.8,1.6,0.3,0.5,15.62451839105439,15.190996380687533,113,20.0625,3.0,0.4,1.8,-1.3,0.2,12.231899828228764,13.182296429699806,6.0,3.0,20.09375,20.0625,2026-10-02T16:16:12.731495+00:00,0.49059104286268673,0.3081115281254862,0.2012974290118271,Home Win,Genk,0.49059104286268673,78.50118464021206,0.21498815359787937,Moderate Risk,No Clear Edge,No bet,Market odds unavailable; betting value cannot be established.,2026-10-02T16:16:18.354637+00:00
belgium:espn:401878974,401878974,espn,2026-10-02T11:50:59.989246+00:00,2026-10-10 18:45:00+00:00,bel.1:2026-27,bel.1-2026-27-v1,2026-10-10,20:45,Waregem,Gent,belgium:waregem,belgium:gent,STATUS_SCHEDULED,77,21.0,7.0,1.6,1.2,0.9,0.4,13.080948341826419,12.653853936755208,162,22.0,13.0,1.8,0.6,0.4,0.4,12.25724954045004,12.457662826371024,7.0,13.0,21.0,22.0,2026-10-02T16:16:12.731495+00:00,0.3209668925303188,0.4599448218302667,0.21908828563941454,Draw,Draw,0.4599448218302667,83.00155381680378,0.16998446183196225,High Risk,No Clear Edge,No bet,Market odds unavailable; betting value cannot be established.,2026-10-02T16:16:18.354637+00:00
belgium:espn:401878971,401878971,espn,2026-10-02T11:50:59.989246+00:00,2026-10-11 11:30:00+00:00,bel.1:2026-27,bel.1-2026-27-v1,2026-10-11,13:30,Standard,Charleroi,belgium:standard,belgium:charleroi,STATUS_SCHEDULED,160,22.697916666666668,9.0,1.6,1.4,0.0,0.3,12.874234842573587,14.86379382493092,157,21.802083333333332,12.0,2.2,1.2,0.9,0.4,16.23350140972954,11.391888512841447,9.0,12.0,22.697916666666668,21.802083333333332,2026-10-02T16:16:12.731495+00:00,0.30957793918105125,0.3778344868430438,0.312587573975905,Draw,Draw,0.3778344868430438,93.38371113257318,0.06616288867426826,Critical Risk,No Clear Edge,No bet,Market odds unavailable; betting value cannot be established.,2026-10-02T16:16:18.354637+00:00
belgium:espn:401878975,401878975,espn,2026-10-02T11:50:59.989246+00:00,2026-10-11 14:00:00+00:00,bel.1:2026-27,bel.1-2026-27-v1,2026-10-11,16:00,St. Gilloise,Leuven,belgium:st-gilloise,belgium:leuven,STATUS_SCHEDULED,161,21.104166666666668,15.0,3.2,0.4,1.7,0.6,18.036747396491855,10.635622030973185,0,,,,,,,,,15.0,,21.104166666666668,,2026-10-02T16:16:12.731495+00:00,0.57470660577487,0.1838095090581759,0.24148388516695402,Home Win,St. Gilloise,0.57470660577487,64.92242084024558,0.3507757915975443,Moderate Risk,Consider Home,No bet,Market odds unavailable; betting value cannot be established.,2026-10-02T16:16:18.354637+00:00
belgium:espn:401878970,401878970,espn,2026-10-02T11:50:59.989246+00:00,2026-10-11 16:30:00+00:00,bel.1:2026-27,bel.1-2026-27-v1,2026-10-11,18:30,Westerlo,Antwerp,belgium:westerlo,belgium:antwerp,STATUS_SCHEDULED,160,21.104166666666668,10.0,2.4,1.6,-0.3,0.3,15.377913979532362,13.958038601569328,161,21.208333333333332,1.0,1.2,2.8,-0.5,0.3,14.232961869956382,17.684538490033454,10.0,1.0,21.104166666666668,21.208333333333332,2026-10-02T16:16:12.731495+00:00,0.4055370927943939,0.3698293743955667,0.22463353281003934,Home Win,Westerlo,0.4055370927943939,92.01022428577514,0.07989775714224864,Critical Risk,No Clear Edge,No bet,Market odds unavailable; betting value cannot be established.,2026-10-02T16:16:18.354637+00:00
belgium:espn:401878972,401878972,espn,2026-10-02T11:50:59.989246+00:00,2026-10-11 17:15:00+00:00,bel.1:2026-27,bel.1-2026-27-v1,2026-10-11,19:15,Mechelen,St. Truiden,belgium:mechelen,belgium:st-truiden,STATUS_SCHEDULED,161,21.9375,2.0,0.4,1.8,-1.2,0.1,11.700836935648557,13.846763011015746,157,21.135416666666668,6.0,1.6,1.6,0.1,0.2,15.371501554750242,14.36770810510308,2.0,6.0,21.9375,21.135416666666668,2026-10-02T16:16:12.731495+00:00,0.34841226676348525,0.35689560152994315,0.29469213170657155,Draw,Draw,0.35689560152994315,97.51670589118727,0.024832941088127263,Critical Risk,No Clear Edge,No bet,Market odds unavailable; betting value cannot be established.,2026-10-02T16:16:18.354637+00:00
belgium:espn:401878967,401878967,espn,2026-10-02T11:50:59.989246+00:00,2026-10-23 18:45:00+00:00,bel.1:2026-27,bel.1-2026-27-v1,2026-10-23,20:45,Kortrijk,Mechelen,belgium:kortrijk,belgium:mechelen,STATUS_SCHEDULED,113,33.0625,3.0,0.4,1.8,-1.3,0.2,12.231899828228764,13.182296429699806,161,34.0,2.0,0.4,1.8,-1.2,0.1,11.700836935648557,13.846763011015746,3.0,2.0,33.0625,34.0,2026-10-02T16:16:12.731495+00:00,0.38449143441959654,0.39880724937235734,0.21670131620804609,Draw,Draw,0.39880724937235734,93.46176273306804,0.06538237266931958,Critical Risk,No Clear Edge,No bet,Market odds unavailable; betting value cannot be established.,2026-10-02T16:16:18.354637+00:00
belgium:espn:401878968,401878968,espn,2026-10-02T11:50:59.989246+00:00,2026-10-24 14:00:00+00:00,bel.1:2026-27,bel.1-2026-27-v1,2026-10-24,16:00,Antwerp,Charleroi,belgium:antwerp,belgium:charleroi,STATUS_SCHEDULED,161,34.104166666666664,1.0,1.2,2.8,-0.5,0.3,14.232961869956382,17.684538490033454,157,34.90625,12.0,2.2,1.2,0.9,0.4,16.23350140972954,11.391888512841447,1.0,12.0,34.104166666666664,34.90625,2026-10-02T16:16:12.731495+00:00,0.29106611150081846,0.4230055332322196,0.285928355266962,Draw,Draw,0.4230055332322196,86.64969133278599,0.1335030866721401,High Risk,No Clear Edge,No bet,Market odds unavailable; betting value cannot be established.,2026-10-02T16:16:18.354637+00:00
belgium:espn:401878969,401878969,espn,2026-10-02T11:50:59.989246+00:00,2026-10-24 16:15:00+00:00,bel.1:2026-27,bel.1-2026-27-v1,2026-10-24,18:15,Leuven,Lommel SK,belgium:leuven,belgium:lommel-sk,STATUS_SCHEDULED,0,,,,,,,,,7,34.895833333333336,7.0,1.0,1.2,-0.2857142857142857,0.42857142857142855,9.629439234663666,22.884790306402085,,7.0,,34.895833333333336,2026-10-02T16:16:12.731495+00:00,0.46412283775764435,0.3076384701871922,0.22823869205516345,Home Win,Leuven,0.46412283775764435,81.93504825632783,0.18064951743672178,High Risk,No Clear Edge,No bet,Market odds unavailable; betting value cannot be established.,2026-10-02T16:16:18.354637+00:00
belgium:espn:401878965,401878965,espn,2026-10-02T11:50:59.989246+00:00,2026-10-24 18:45:00+00:00,bel.1:2026-27,bel.1-2026-27-v1,2026-10-24,20:45,Westerlo,Beveren,belgium:westerlo,belgium:beveren,STATUS_SCHEDULED,160,34.197916666666664,10.0,2.4,1.6,-0.3,0.3,15.377913979532362,13.958038601569328,7,34.0625,6.0,1.0,1.8,-0.5714285714285714,0.42857142857142855,10.567179453600524,16.323142697316094,10.0,6.0,34.197916666666664,34.0625,2026-10-02T16:16:12.731495+00:00,0.5056426633628284,0.22754162696756525,0.2668157096696064,Home Win,Westerlo,0.5056426633628284,74.92200646148525,0.25077993538514753,Moderate Risk,No Clear Edge,No bet,Market odds unavailable; betting value cannot be established.,2026-10-02T16:16:18.354637+00:00
belgium:espn:401878966,401878966,espn,2026-10-02T11:50:59.989246+00:00,2026-10-24 18:45:00+00:00,bel.1:2026-27,bel.1-2026-27-v1,2026-10-24,20:45,RAAL La Louviere,Waregem,belgium:raal-la-louviere,belgium:waregem,STATUS_SCHEDULED,42,35.197916666666664,4.0,1.0,2.0,-1.0,0.1,11.450219320657508,13.930847104225174,77,35.0,7.0,1.6,1.2,0.9,0.4,13.080948341826419,12.653853936755208,4.0,7.0,35.197916666666664,35.0,2026-10-02T16:16:12.731495+00:00,0.30396868763449625,0.3765372318275488,0.31949408053795497,Draw,Draw,0.3765372318275488,93.82317291310926,0.06176827086890735,Critical Risk,No Clear Edge,No bet,Market odds unavailable; betting value cannot be established.,2026-10-02T16:16:18.354637+00:00
belgium:espn:401878963,401878963,espn,2026-10-02T11:50:59.989246+00:00,2026-10-25 12:30:00+00:00,bel.1:2026-27,bel.1-2026-27-v1,2026-10-25,13:30,Genk,Standard,belgium:genk,belgium:standard,STATUS_SCHEDULED,162,34.833333333333336,6.0,1.8,1.6,0.3,0.5,15.62451839105439,15.190996380687533,160,36.739583333333336,9.0,1.6,1.4,0.0,0.3,12.874234842573587,14.86379382493092,6.0,9.0,34.833333333333336,36.739583333333336,2026-10-02T16:16:12.731495+00:00,0.3947107638086237,0.40005042113630895,0.20523881505506744,Draw,Draw,0.40005042113630895,93.69949669647107,0.0630050330352893,Critical Risk,No Clear Edge,No bet,Market odds unavailable; betting value cannot be established.,2026-10-02T16:16:18.354637+00:00
belgium:espn:401878964,401878964,espn,2026-10-02T11:50:59.989246+00:00,2026-10-25 15:00:00+00:00,bel.1:2026-27,bel.1-2026-27-v1,2026-10-25,16:00,Club Brugge,St. Truiden,belgium:club-brugge,belgium:st-truiden,STATUS_SCHEDULED,161,34.9375,12.0,1.8,0.6,2.2,0.7,19.300303603680184,13.951971160237399,157,35.041666666666664,6.0,1.6,1.6,0.1,0.2,15.371501554750242,14.36770810510308,12.0,6.0,34.9375,35.041666666666664,2026-10-02T16:16:12.731495+00:00,0.5058262467761263,0.35393758773774087,0.14023616548613274,Home Win,Club Brugge,0.5058262467761263,78.30717776676468,0.21692822233235323,Moderate Risk,No Clear Edge,No bet,Market odds unavailable; betting value cannot be established.,2026-10-02T16:16:18.354637+00:00
belgium:espn:401878962,401878962,espn,2026-10-02T11:50:59.989246+00:00,2026-10-25 17:30:00+00:00,bel.1:2026-27,bel.1-2026-27-v1,2026-10-25,18:30,Gent,Anderlecht,belgium:gent,belgium:anderlecht,STATUS_SCHEDULED,162,36.947916666666664,13.0,1.8,0.6,0.4,0.4,12.25724954045004,12.457662826371024,161,35.947916666666664,10.0,1.0,0.6,0.0,0.4,14.985908285443308,11.698540989601922,13.0,10.0,36.947916666666664,35.947916666666664,2026-10-02T16:16:12.731495+00:00,0.3798030552554926,0.3573773804872256,0.2628195642572817,Home Win,Gent,0.3798030552554926,94.87958594226195,0.05120414057738038,Critical Risk,No Clear Edge,No bet,Market odds unavailable; betting value cannot be established.,2026-10-02T16:16:18.354637+00:00
belgium:espn:401878961,401878961,espn,2026-10-02T11:50:59.989246+00:00,2026-10-25 18:15:00+00:00,bel.1:2026-27,bel.1-2026-27-v1,2026-10-25,19:15,St. Gilloise,Cercle Brugge,belgium:st-gilloise,belgium:cercle-brugge,STATUS_SCHEDULED,161,35.28125,15.0,3.2,0.4,1.7,0.6,18.036747396491855,10.635622030973185,153,36.083333333333336,1.0,0.6,1.8,-0.9,0.0,13.45563908049167,12.729539100498465,15.0,1.0,35.28125,36.083333333333336,2026-10-02T16:16:12.731495+00:00,0.5176100978465847,0.32979332159678565,0.15259658055662956,Home Win,St. Gilloise,0.5176100978465847,75.8253780824936,0.241746219175064,Moderate Risk,No Clear Edge,No bet,Market odds unavailable; betting value cannot be established.,2026-10-02T16:16:18.354637+00:00
belgium:espn:401878956,401878956,espn,2026-10-02T11:50:59.989246+00:00,2026-10-30 19:45:00+00:00,bel.1:2026-27,bel.1-2026-27-v1,2026-10-30,20:45,Waregem,Club Brugge,belgium:waregem,belgium:club-brugge,STATUS_SCHEDULED,77,41.041666666666664,7.0,1.6,1.2,0.9,0.4,13.080948341826419,12.653853936755208,161,40.135416666666664,12.0,1.8,0.6,2.2,0.7,19.300303603680184,13.951971160237399,7.0,12.0,41.041666666666664,40.135416666666664,2026-10-02T16:16:12.731495+00:00,0.26003611271461086,0.46452168888058104,0.27544219840480816,Draw,Draw,0.46452168888058104,80.62317008359061,0.19376829916409385,High Risk,No Clear Edge,No bet,Market odds unavailable; betting value cannot be established.,2026-10-02T16:16:18.354637+00:00
belgium:espn:401878958,401878958,espn,2026-10-02T11:50:59.989246+00:00,2026-10-31 15:00:00+00:00,bel.1:2026-27,bel.1-2026-27-v1,2026-10-31,16:00,Mechelen,Genk,belgium:mechelen,belgium:genk,STATUS_SCHEDULED,161,41.84375,2.0,0.4,1.8,-1.2,0.1,11.700836935648557,13.846763011015746,162,40.9375,6.0,1.8,1.6,0.3,0.5,15.62451839105439,15.190996380687533,2.0,6.0,41.84375,40.9375,2026-10-02T16:16:12.731495+00:00,0.33600124758876276,0.395112246325565,0.26888650608567216,Draw,Draw,0.395112246325565,92.0462775588344,0.07953722441165596,Critical Risk,No Clear Edge,No bet,Market odds unavailable; betting value cannot be established.,2026-10-02T16:16:18.354637+00:00
belgium:espn:401878953,401878953,espn,2026-10-02T11:50:59.989246+00:00,2026-10-31 17:15:00+00:00,bel.1:2026-27,bel.1-2026-27-v1,2026-10-31,18:15,Standard,Kortrijk,belgium:standard,belgium:kortrijk,STATUS_SCHEDULED,160,42.9375,9.0,1.6,1.4,0.0,0.3,12.874234842573587,14.86379382493092,113,41.0,3.0,0.4,1.8,-1.3,0.2,12.231899828228764,13.182296429699806,9.0,3.0,42.9375,41.0,2026-10-02T16:16:12.731495+00:00,0.44799270967914756,0.3187738161157159,0.23323347420513643,Home Win,Standard,0.44799270967914756,84.47470893333485,0.15525291066665148,High Risk,No Clear Edge,No bet,Market odds unavailable; betting value cannot be established.,2026-10-02T16:16:18.354637+00:00
belgium:espn:401878960,401878960,espn,2026-10-02T11:50:59.989246+00:00,2026-10-31 19:45:00+00:00,bel.1:2026-27,bel.1-2026-27-v1,2026-10-31,20:45,Anderlecht,Westerlo,belgium:anderlecht,belgium:westerlo,STATUS_SCHEDULED,161,42.041666666666664,10.0,1.0,0.6,0.0,0.4,14.985908285443308,11.698540989601922,160,41.239583333333336,10.0,2.4,1.6,-0.3,0.3,15.377913979532362,13.958038601569328,10.0,10.0,42.041666666666664,41.239583333333336,2026-10-02T16:16:12.731495+00:00,0.418750291017689,0.3557789066381695,0.22547080234414146,Home Win,Anderlecht,0.418750291017689,89.73696273570808,0.10263037264291931,High Risk,No Clear Edge,No bet,Market odds unavailable; betting value cannot be established.,2026-10-02T16:16:18.354637+00:00
belgium:espn:401878957,401878957,espn,2026-10-02T11:50:59.989246+00:00,2026-10-31 19:45:00+00:00,bel.1:2026-27,bel.1-2026-27-v1,2026-10-31,20:45,Beveren,St. Gilloise,belgium:beveren,belgium:st-gilloise,STATUS_SCHEDULED,7,41.104166666666664,6.0,1.0,1.8,-0.5714285714285714,0.42857142857142855,10.567179453600524,16.323142697316094,161,41.34375,15.0,3.2,0.4,1.7,0.6,18.036747396491855,10.635622030973185,6.0,15.0,41.104166666666664,41.34375,2026-10-02T16:16:12.731495+00:00,0.21135732403837362,0.4541361032558692,0.3345065727057572,Draw,Draw,0.4541361032558692,84.28902633337279,0.1571097366662722,High Risk,No Clear Edge,No bet,Market odds unavailable; betting value cannot be established.,2026-10-02T16:16:18.354637+00:00
belgium:espn:401878959,401878959,espn,2026-10-02T11:50:59.989246+00:00,2026-11-01 12:30:00+00:00,bel.1:2026-27,bel.1-2026-27-v1,2026-11-01,13:30,Cercle Brugge,Antwerp,belgium:cercle-brugge,belgium:antwerp,STATUS_SCHEDULED,153,42.84375,1.0,0.6,1.8,-0.9,0.0,13.45563908049167,12.729539100498465,161,42.041666666666664,1.0,1.2,2.8,-0.5,0.3,14.232961869956382,17.684538490033454,1.0,1.0,42.84375,42.041666666666664,2026-10-02T16:16:12.731495+00:00,0.36087221571509853,0.42340440666969287,0.21572337761520863,Draw,Draw,0.42340440666969287,89.32920757106567,0.10670792428934343,High Risk,No Clear Edge,No bet,Market odds unavailable; betting value cannot be established.,2026-10-02T16:16:18.354637+00:00
belgium:espn:401878952,401878952,espn,2026-10-02T11:50:59.989246+00:00,2026-11-01 15:00:00+00:00,bel.1:2026-27,bel.1-2026-27-v1,2026-11-01,16:00,St. Truiden,Leuven,belgium:st-truiden,belgium:leuven,STATUS_SCHEDULED,157,42.041666666666664,6.0,1.6,1.6,0.1,0.2,15.371501554750242,14.36770810510308,0,,,,,,,,,6.0,,42.041666666666664,,2026-10-02T16:16:12.731495+00:00,0.4773983791392323,0.19500460440603798,0.32759701645472966,Home Win,St. Truiden,0.4773983791392323,80.98444249528521,0.19015557504714792,High Risk,No Clear Edge,No bet,Market odds unavailable; betting value cannot be established.,2026-10-02T16:16:18.354637+00:00
belgium:espn:401878954,401878954,espn,2026-10-02T11:50:59.989246+00:00,2026-11-01 17:30:00+00:00,bel.1:2026-27,bel.1-2026-27-v1,2026-11-01,18:30,Lommel SK,Gent,belgium:lommel-sk,belgium:gent,STATUS_SCHEDULED,7,42.947916666666664,7.0,1.0,1.2,-0.2857142857142857,0.42857142857142855,9.629439234663666,22.884790306402085,162,43.947916666666664,13.0,1.8,0.6,0.4,0.4,12.25724954045004,12.457662826371024,7.0,13.0,42.947916666666664,43.947916666666664,2026-10-02T16:16:12.731495+00:00,0.23505960133252873,0.4872638430097129,0.2776765556577584,Draw,Draw,0.4872638430097129,77.74423352447147,0.22255766475528535,Moderate Risk,No Clear Edge,No bet,Market odds unavailable; betting value cannot be established.,2026-10-02T16:16:18.354637+00:00
belgium:espn:401878955,401878955,espn,2026-10-02T11:50:59.989246+00:00,2026-11-01 18:15:00+00:00,bel.1:2026-27,bel.1-2026-27-v1,2026-11-01,19:15,Charleroi,RAAL La Louviere,belgium:charleroi,belgium:raal-la-louviere,STATUS_SCHEDULED,157,43.083333333333336,12.0,2.2,1.2,0.9,0.4,16.23350140972954,11.391888512841447,42,43.177083333333336,4.0,1.0,2.0,-1.0,0.1,11.450219320657508,13.930847104225174,12.0,4.0,43.083333333333336,43.177083333333336,2026-10-02T16:16:12.731495+00:00,0.547582074215675,0.24775518639551805,0.204662739388807,Home Win,Charleroi,0.547582074215675,68.70580196125833,0.3129419803874168,Moderate Risk,No Clear Edge,No bet,Market odds unavailable; betting value cannot be established.,2026-10-02T16:16:18.354637+00:00
belgium:espn:401878951,401878951,espn,2026-10-02T11:50:59.989246+00:00,2026-11-06 19:45:00+00:00,bel.1:2026-27,bel.1-2026-27-v1,2026-11-06,20:45,Standard,Beveren,belgium:standard,belgium:beveren,STATUS_SCHEDULED,160,49.041666666666664,9.0,1.6,1.4,0.0,0.3,12.874234842573587,14.86379382493092,7,47.104166666666664,6.0,1.0,1.8,-0.5714285714285714,0.42857142857142855,10.567179453600524,16.323142697316094,9.0,6.0,49.041666666666664,47.104166666666664,2026-10-02T16:16:12.731495+00:00,0.4906131193691956,0.23422622967784112,0.2751606509529633,Home Win,Standard,0.4906131193691956,77.20892294565567,0.2279107705434434,Moderate Risk,No Clear Edge,No bet,Market odds unavailable; betting value cannot be established.,2026-10-02T16:16:18.354637+00:00
belgium:espn:401878947,401878947,espn,2026-10-02T11:50:59.989246+00:00,2026-11-07 15:00:00+00:00,bel.1:2026-27,bel.1-2026-27-v1,2026-11-07,16:00,Westerlo,Charleroi,belgium:westerlo,belgium:charleroi,STATUS_SCHEDULED,160,48.041666666666664,10.0,2.4,1.6,-0.3,0.3,15.377913979532362,13.958038601569328,157,48.947916666666664,12.0,2.2,1.2,0.9,0.4,16.23350140972954,11.391888512841447,10.0,12.0,48.041666666666664,48.947916666666664,2026-10-02T16:16:12.731495+00:00,0.30883336369399145,0.4078902979595747,0.2832763383464338,Draw,Draw,0.4078902979595747,89.31648406286384,0.10683515937136162,High Risk,No Clear Edge,No bet,Market odds unavailable; betting value cannot be established.,2026-10-02T16:16:18.354637+00:00
belgium:espn:401878949,401878949,espn,2026-10-02T11:50:59.989246+00:00,2026-11-07 17:15:00+00:00,bel.1:2026-27,bel.1-2026-27-v1,2026-11-07,18:15,Leuven,Mechelen,belgium:leuven,belgium:mechelen,STATUS_SCHEDULED,0,,,,,,,,,161,48.9375,2.0,0.4,1.8,-1.2,0.1,11.700836935648557,13.846763011015746,,2.0,,48.9375,2026-10-02T16:16:12.731495+00:00,0.3196880033737778,0.5275858775205723,0.1527261191056499,Draw,Draw,0.5275858775205723,74.12876393368188,0.2587123606631812,Moderate Risk,No Clear Edge,No bet,Market odds unavailable; betting value cannot be established.,2026-10-02T16:16:18.354637+00:00
belgium:espn:401878950,401878950,espn,2026-10-02T11:50:59.989246+00:00,2026-11-07 19:45:00+00:00,bel.1:2026-27,bel.1-2026-27-v1,2026-11-07,20:45,Antwerp,Lommel SK,belgium:antwerp,belgium:lommel-sk,STATUS_SCHEDULED,161,48.34375,1.0,1.2,2.8,-0.5,0.3,14.232961869956382,17.684538490033454,7,49.041666666666664,7.0,1.0,1.2,-0.2857142857142857,0.42857142857142855,9.629439234663666,22.884790306402085,1.0,7.0,48.34375,49.041666666666664,2026-10-02T16:16:12.731495+00:00,0.5288807406706737,0.2347241837750776,0.23639507555424877,Home Win,Antwerp,0.5288807406706737,70.70058026029578,0.2929941973970423,Moderate Risk,No Clear Edge,No bet,Market odds unavailable; betting value cannot be established.,2026-10-02T16:16:18.354637+00:00
belgium:espn:401878948,401878948,espn,2026-10-02T11:50:59.989246+00:00,2026-11-07 19:45:00+00:00,bel.1:2026-27,bel.1-2026-27-v1,2026-11-07,20:45,RAAL La Louviere,Cercle Brugge,belgium:raal-la-louviere,belgium:cercle-brugge,STATUS_SCHEDULED,42,49.239583333333336,4.0,1.0,2.0,-1.0,0.1,11.450219320657508,13.930847104225174,153,49.145833333333336,1.0,0.6,1.8,-0.9,0.0,13.45563908049167,12.729539100498465,4.0,1.0,49.239583333333336,49.145833333333336,2026-10-02T16:16:12.731495+00:00,0.3170761292156956,0.44178818788964497,0.24113568289465934,Draw,Draw,0.44178818788964497,85.21756315761701,0.14782436842382998,High Risk,No Clear Edge,No bet,Market odds unavailable; betting value cannot be established.,2026-10-02T16:16:18.354637+00:00
belgium:espn:401878946,401878946,espn,2026-10-02T11:50:59.989246+00:00,2026-11-08 12:30:00+00:00,bel.1:2026-27,bel.1-2026-27-v1,2026-11-08,13:30,Club Brugge,Anderlecht,belgium:club-brugge,belgium:anderlecht,STATUS_SCHEDULED,161,48.833333333333336,12.0,1.8,0.6,2.2,0.7,19.300303603680184,13.951971160237399,161,49.739583333333336,10.0,1.0,0.6,0.0,0.4,14.985908285443308,11.698540989601922,12.0,10.0,48.833333333333336,49.739583333333336,2026-10-02T16:16:12.731495+00:00,0.4783863206511114,0.3871362323805975,0.1344774469682911,Home Win,Club Brugge,0.4783863206511114,83.18537596474798,0.16814624035252024,High Risk,No Clear Edge,No bet,Market odds unavailable; betting value cannot be established.,2026-10-02T16:16:18.354637+00:00
belgium:espn:401878945,401878945,espn,2026-10-02T11:50:59.989246+00:00,2026-11-08 15:00:00+00:00,bel.1:2026-27,bel.1-2026-27-v1,2026-11-08,16:00,Gent,Kortrijk,belgium:gent,belgium:kortrijk,STATUS_SCHEDULED,162,50.84375,13.0,1.8,0.6,0.4,0.4,12.25724954045004,12.457662826371024,113,48.90625,3.0,0.4,1.8,-1.3,0.2,12.231899828228764,13.182296429699806,13.0,3.0,50.84375,48.90625,2026-10-02T16:16:12.731495+00:00,0.4666789482580459,0.3040894143386701,0.22923163740328406,Home Win,Gent,0.4666789482580459,81.46276644046372,0.18537233559536284,High Risk,No Clear Edge,No bet,Market odds unavailable; betting value cannot be established.,2026-10-02T16:16:18.354637+00:00
belgium:espn:401878943,401878943,espn,2026-10-02T11:50:59.989246+00:00,2026-11-08 17:30:00+00:00,bel.1:2026-27,bel.1-2026-27-v1,2026-11-08,18:30,St. Gilloise,Genk,belgium:st-gilloise,belgium:genk,STATUS_SCHEDULED,161,49.25,15.0,3.2,0.4,1.7,0.6,18.036747396491855,10.635622030973185,162,49.041666666666664,6.0,1.8,1.6,0.3,0.5,15.62451839105439,15.190996380687533,15.0,6.0,49.25,49.041666666666664,2026-10-02T16:16:12.731495+00:00,0.44925800470075133,0.3824159826702333,0.16832601262901542,Home Win,St. Gilloise,0.44925800470075133,86.80001610004156,0.13199983899958437,High Risk,No Clear Edge,No bet,Market odds unavailable; betting value cannot be established.,2026-10-02T16:16:18.354637+00:00
belgium:espn:401878944,401878944,espn,2026-10-02T11:50:59.989246+00:00,2026-11-08 18:15:00+00:00,bel.1:2026-27,bel.1-2026-27-v1,2026-11-08,19:15,St. Truiden,Waregem,belgium:st-truiden,belgium:waregem,STATUS_SCHEDULED,157,49.177083333333336,6.0,1.6,1.6,0.1,0.2,15.371501554750242,14.36770810510308,77,49.979166666666664,7.0,1.6,1.2,0.9,0.4,13.080948341826419,12.653853936755208,6.0,7.0,49.177083333333336,49.979166666666664,2026-10-02T16:16:12.731495+00:00,0.41349072990768004,0.34315988149104115,0.2433493886012789,Home Win,St. Truiden,0.41349072990768004,89.92920450516944,0.1007079549483057,High Risk,No Clear Edge,No bet,Market odds unavailable; betting value cannot be established.,2026-10-02T16:16:18.354637+00:00
belgium:espn:401878937,401878937,espn,2026-10-02T11:50:59.989246+00:00,2026-11-20 19:45:00+00:00,bel.1:2026-27,bel.1-2026-27-v1,2026-11-20,20:45,Cercle Brugge,Westerlo,belgium:cercle-brugge,belgium:westerlo,STATUS_SCHEDULED,153,62.145833333333336,1.0,0.6,1.8,-0.9,0.0,13.45563908049167,12.729539100498465,160,61.239583333333336,10.0,2.4,1.6,-0.3,0.3,15.377913979532362,13.958038601569328,1.0,10.0,62.145833333333336,61.239583333333336,2026-10-02T16:16:12.731495+00:00,0.3279784948383955,0.42448028115027925,0.2475412240113254,Draw,Draw,0.42448028115027925,87.90173051755296,0.12098269482447029,High Risk,No Clear Edge,No bet,Market odds unavailable; betting value cannot be established.,2026-10-02T16:16:18.354637+00:00
belgium:espn:401878940,401878940,espn,2026-10-02T11:50:59.989246+00:00,2026-11-21 15:00:00+00:00,bel.1:2026-27,bel.1-2026-27-v1,2026-11-21,16:00,Charleroi,St. Truiden,belgium:charleroi,belgium:st-truiden,STATUS_SCHEDULED,157,62.947916666666664,12.0,2.2,1.2,0.9,0.4,16.23350140972954,11.391888512841447,157,62.041666666666664,6.0,1.6,1.6,0.1,0.2,15.371501554750242,14.36770810510308,12.0,6.0,62.947916666666664,62.041666666666664,2026-10-02T16:16:12.731495+00:00,0.4183221365112429,0.38826972177298175,0.1934081417157754,Home Win,Charleroi,0.4183221365112429,91.06418869834586,0.08935811301654138,High Risk,No Clear Edge,No bet,Market odds unavailable; betting value cannot be established.,2026-10-02T16:16:18.354637+00:00
belgium:espn:401878939,401878939,espn,2026-10-02T11:50:59.989246+00:00,2026-11-21 17:15:00+00:00,bel.1:2026-27,bel.1-2026-27-v1,2026-11-21,18:15,Genk,RAAL La Louviere,belgium:genk,belgium:raal-la-louviere,STATUS_SCHEDULED,162,62.03125,6.0,1.8,1.6,0.3,0.5,15.62451839105439,15.190996380687533,42,63.135416666666664,4.0,1.0,2.0,-1.0,0.1,11.450219320657508,13.930847104225174,6.0,4.0,62.03125,63.135416666666664,2026-10-02T16:16:12.731495+00:00,0.5138070880673716,0.267211178472852,0.21898173345977645,Home Win,Genk,0.5138070880673716,73.87255636623703,0.2612744363376296,Moderate Risk,No Clear Edge,No bet,Market odds unavailable; betting value cannot be established.,2026-10-02T16:16:18.354637+00:00
belgium:espn:401878935,401878935,espn,2026-10-02T11:50:59.989246+00:00,2026-11-21 19:45:00+00:00,bel.1:2026-27,bel.1-2026-27-v1,2026-11-21,20:45,Mechelen,Club Brugge,belgium:mechelen,belgium:club-brugge,STATUS_SCHEDULED,161,63.041666666666664,2.0,0.4,1.8,-1.2,0.1,11.700836935648557,13.846763011015746,161,62.135416666666664,12.0,1.8,0.6,2.2,0.7,19.300303603680184,13.951971160237399,2.0,12.0,63.041666666666664,62.135416666666664,2026-10-02T16:16:12.731495+00:00,0.24890527036158142,0.4221535128679429,0.32894121677047566,Draw,Draw,0.4221535128679429,88.24289376041737,0.11757106239582629,High Risk,No Clear Edge,No bet,Market odds unavailable; betting value cannot be established.,2026-10-02T16:16:18.354637+00:00
belgium:espn:401878938,401878938,espn,2026-10-02T11:50:59.989246+00:00,2026-11-21 19:45:00+00:00,bel.1:2026-27,bel.1-2026-27-v1,2026-11-21,20:45,Waregem,Antwerp,belgium:waregem,belgium:antwerp,STATUS_SCHEDULED,77,63.041666666666664,7.0,1.6,1.2,0.9,0.4,13.080948341826419,12.653853936755208,161,62.34375,1.0,1.2,2.8,-0.5,0.3,14.232961869956382,17.684538490033454,7.0,1.0,63.041666666666664,62.34375,2026-10-02T16:16:12.731495+00:00,0.3459665887907689,0.4700592958229278,0.18397411538630315,Draw,Draw,0.4700592958229278,82.66052358447429,0.17339476415525718,High Risk,No Clear Edge,No bet,Market odds unavailable; betting value cannot be established.,2026-10-02T16:16:18.354637+00:00
belgium:espn:401878942,401878942,espn,2026-10-02T11:50:59.989246+00:00,2026-11-22 12:30:00+00:00,bel.1:2026-27,bel.1-2026-27-v1,2026-11-22,13:30,Beveren,Gent,belgium:beveren,belgium:gent,STATUS_SCHEDULED,7,62.802083333333336,6.0,1.0,1.8,-0.5714285714285714,0.42857142857142855,10.567179453600524,16.323142697316094,162,64.73958333333333,13.0,1.8,0.6,0.4,0.4,12.25724954045004,12.457662826371024,6.0,13.0,62.802083333333336,64.73958333333333,2026-10-02T16:16:12.731495+00:00,0.23926351073424804,0.5121034014935427,0.2486330877722093,Draw,Draw,0.5121034014935427,73.36780758758088,0.26632192412419126,Moderate Risk,No Clear Edge,No bet,Market odds unavailable; betting value cannot be established.,2026-10-02T16:16:18.354637+00:00
belgium:espn:401878936,401878936,espn,2026-10-02T11:50:59.989246+00:00,2026-11-22 15:00:00+00:00,bel.1:2026-27,bel.1-2026-27-v1,2026-11-22,16:00,Kortrijk,St. Gilloise,belgium:kortrijk,belgium:st-gilloise,STATUS_SCHEDULED,113,62.90625,3.0,0.4,1.8,-1.3,0.2,12.231899828228764,13.182296429699806,161,63.145833333333336,15.0,3.2,0.4,1.7,0.6,18.036747396491855,10.635622030973185,3.0,15.0,62.90625,63.145833333333336,2026-10-02T16:16:12.731495+00:00,0.253357718612296,0.4329865032317992,0.31365577815590495,Draw,Draw,0.4329865032317992,86.23176915847466,0.13768230841525342,High Risk,No Clear Edge,No bet,Market odds unavailable; betting value cannot be established.,2026-10-02T16:16:18.354637+00:00
belgium:espn:401878941,401878941,espn,2026-10-02T11:50:59.989246+00:00,2026-11-22 17:30:00+00:00,bel.1:2026-27,bel.1-2026-27-v1,2026-11-22,18:30,Anderlecht,Leuven,belgium:anderlecht,belgium:leuven,STATUS_SCHEDULED,161,63.947916666666664,10.0,1.0,0.6,0.0,0.4,14.985908285443308,11.698540989601922,0,,,,,,,,,10.0,,63.947916666666664,,2026-10-02T16:16:12.731495+00:00,0.5075828410180682,0.1571268635025656,0.3352902954793662,Home Win,Anderlecht,0.5075828410180682,77.34838012509675,0.22651619874903256,Moderate Risk,No Clear Edge,No bet,Market odds unavailable; betting value cannot be established.,2026-10-02T16:16:18.354637+00:00
belgium:espn:401878934,401878934,espn,2026-10-02T11:50:59.989246+00:00,2026-11-22 18:15:00+00:00,bel.1:2026-27,bel.1-2026-27-v1,2026-11-22,19:15,Lommel SK,Standard,belgium:lommel-sk,belgium:standard,STATUS_SCHEDULED,7,63.979166666666664,7.0,1.0,1.2,-0.2857142857142857,0.42857142857142855,9.629439234663666,22.884790306402085,160,64.97916666666667,9.0,1.6,1.4,0.0,0.3,12.874234842573587,14.86379382493092,7.0,9.0,63.979166666666664,64.97916666666667,2026-10-02T16:16:12.731495+00:00,0.2448185626185883,0.49310301768195325,0.2620784196994584,Draw,Draw,0.49310301768195325,76.37224020363708,0.23627759796362924,Moderate Risk,No Clear Edge,No bet,Market odds unavailable; betting value cannot be established.,2026-10-02T16:16:18.354637+00:00
belgium:espn:401878930,401878930,espn,2026-10-02T11:50:59.989246+00:00,2026-11-27 19:45:00+00:00,bel.1:2026-27,bel.1-2026-27-v1,2026-11-27,20:45,Leuven,Kortrijk,belgium:leuven,belgium:kortrijk,STATUS_SCHEDULED,0,,,,,,,,,113,68.10416666666667,3.0,0.4,1.8,-1.3,0.2,12.231899828228764,13.182296429699806,,3.0,,68.10416666666667,2026-10-02T16:16:12.731495+00:00,0.33861335061257847,0.5044221287500179,0.1569645206374036,Draw,Draw,0.5044221287500179,77.89067953483769,0.22109320465162305,Moderate Risk,No Clear Edge,No bet,Market odds unavailable; betting value cannot be established.,2026-10-02T16:16:18.354637+00:00
belgium:espn:401878929,401878929,espn,2026-10-02T11:50:59.989246+00:00,2026-11-28 15:00:00+00:00,bel.1:2026-27,bel.1-2026-27-v1,2026-11-28,16:00,Westerlo,RAAL La Louviere,belgium:westerlo,belgium:raal-la-louviere,STATUS_SCHEDULED,160,69.04166666666667,10.0,2.4,1.6,-0.3,0.3,15.377913979532362,13.958038601569328,42,70.04166666666667,4.0,1.0,2.0,-1.0,0.1,11.450219320657508,13.930847104225174,10.0,4.0,69.04166666666667,70.04166666666667,2026-10-02T16:16:12.731495+00:00,0.4847956281841818,0.26833710550293327,0.24686726631288491,Home Win,Westerlo,0.4847956281841818,77.70071784348237,0.22299282156517633,Moderate Risk,No Clear Edge,No bet,Market odds unavailable; betting value cannot be established.,2026-10-02T16:16:18.354637+00:00
belgium:espn:401878932,401878932,espn,2026-10-02T11:50:59.989246+00:00,2026-11-28 17:15:00+00:00,bel.1:2026-27,bel.1-2026-27-v1,2026-11-28,18:15,Cercle Brugge,Mechelen,belgium:cercle-brugge,belgium:mechelen,STATUS_SCHEDULED,153,70.04166666666667,1.0,0.6,1.8,-0.9,0.0,13.45563908049167,12.729539100498465,161,69.9375,2.0,0.4,1.8,-1.2,0.1,11.700836935648557,13.846763011015746,1.0,2.0,70.04166666666667,69.9375,2026-10-02T16:16:12.731495+00:00,0.3815968236093535,0.43569661084792255,0.18270656554272408,Draw,Draw,0.43569661084792255,88.53683950889786,0.11463160491102148,High Risk,No Clear Edge,No bet,Market odds unavailable; betting value cannot be established.,2026-10-02T16:16:18.354637+00:00
belgium:espn:401878931,401878931,espn,2026-10-02T11:50:59.989246+00:00,2026-11-28 19:45:00+00:00,bel.1:2026-27,bel.1-2026-27-v1,2026-11-28,20:45,Lommel SK,Waregem,belgium:lommel-sk,belgium:waregem,STATUS_SCHEDULED,7,70.04166666666667,7.0,1.0,1.2,-0.2857142857142857,0.42857142857142855,9.629439234663666,22.884790306402085,77,70.04166666666667,7.0,1.6,1.2,0.9,0.4,13.080948341826419,12.653853936755208,7.0,7.0,70.04166666666667,70.04166666666667,2026-10-02T16:16:12.731495+00:00,0.27809767460288237,0.4022828419923146,0.3196194834048031,Draw,Draw,0.4022828419923146,90.46995691684256,0.09530043083157441,High Risk,No Clear Edge,No bet,Market odds unavailable; betting value cannot be established.,2026-10-02T16:16:18.354637+00:00
belgium:espn:401878933,401878933,espn,2026-10-02T11:50:59.989246+00:00,2026-11-28 19:45:00+00:00,bel.1:2026-27,bel.1-2026-27-v1,2026-11-28,20:45,Charleroi,Beveren,belgium:charleroi,belgium:beveren,STATUS_SCHEDULED,157,70.14583333333333,12.0,2.2,1.2,0.9,0.4,16.23350140972954,11.391888512841447,7,69.10416666666667,6.0,1.0,1.8,-0.5714285714285714,0.42857142857142855,10.567179453600524,16.323142697316094,12.0,6.0,70.14583333333333,69.10416666666667,2026-10-02T16:16:12.731495+00:00,0.5488586097441718,0.24974918562768117,0.2013922046281471,Home Win,Charleroi,0.5488586097441718,68.6173233840173,0.3138267661598271,Moderate Risk,No Clear Edge,No bet,Market odds unavailable; betting value cannot be established.,2026-10-02T16:16:18.354637+00:00
belgium:espn:401878926,401878926,espn,2026-10-02T11:50:59.989246+00:00,2026-11-29 12:30:00+00:00,bel.1:2026-27,bel.1-2026-27-v1,2026-11-29,13:30,St. Truiden,Genk,belgium:st-truiden,belgium:genk,STATUS_SCHEDULED,157,69.9375,6.0,1.6,1.6,0.1,0.2,15.371501554750242,14.36770810510308,162,69.83333333333333,6.0,1.8,1.6,0.3,0.5,15.62451839105439,15.190996380687533,6.0,6.0,69.9375,69.83333333333333,2026-10-02T16:16:12.731495+00:00,0.36218233734456357,0.44056732989945746,0.19725033275597892,Draw,Draw,0.44056732989945746,87.14183103964065,0.1285816896035935,High Risk,No Clear Edge,No bet,Market odds unavailable; betting value cannot be established.,2026-10-02T16:16:18.354637+00:00
belgium:espn:401878928,401878928,espn,2026-10-02T11:50:59.989246+00:00,2026-11-29 15:00:00+00:00,bel.1:2026-27,bel.1-2026-27-v1,2026-11-29,16:00,Antwerp,Anderlecht,belgium:antwerp,belgium:anderlecht,STATUS_SCHEDULED,161,70.14583333333333,1.0,1.2,2.8,-0.5,0.3,14.232961869956382,17.684538490033454,161,70.84375,10.0,1.0,0.6,0.0,0.4,14.985908285443308,11.698540989601922,1.0,10.0,70.14583333333333,70.84375,2026-10-02T16:16:12.731495+00:00,0.32783903134927445,0.44421699847275026,0.22794397017797527,Draw,Draw,0.44421699847275026,85.32191881722157,0.14678081182778427,High Risk,No Clear Edge,No bet,Market odds unavailable; betting value cannot be established.,2026-10-02T16:16:18.354637+00:00
belgium:espn:401878927,401878927,espn,2026-10-02T11:50:59.989246+00:00,2026-11-29 17:30:00+00:00,bel.1:2026-27,bel.1-2026-27-v1,2026-11-29,18:30,Standard,Club Brugge,belgium:standard,belgium:club-brugge,STATUS_SCHEDULED,160,71.94791666666667,9.0,1.6,1.4,0.0,0.3,12.874234842573587,14.86379382493092,161,70.04166666666667,12.0,1.8,0.6,2.2,0.7,19.300303603680184,13.951971160237399,9.0,12.0,71.94791666666667,70.04166666666667,2026-10-02T16:16:12.731495+00:00,0.27267308636795873,0.4233429361401228,0.30398397749191847,Draw,Draw,0.4233429361401228,87.11116397053732,0.12888836029462683,High Risk,No Clear Edge,No bet,Market odds unavailable; betting value cannot be established.,2026-10-02T16:16:18.354637+00:00
belgium:espn:401878925,401878925,espn,2026-10-02T11:50:59.989246+00:00,2026-11-29 18:15:00+00:00,bel.1:2026-27,bel.1-2026-27-v1,2026-11-29,19:15,St. Gilloise,Gent,belgium:st-gilloise,belgium:gent,STATUS_SCHEDULED,161,70.28125,15.0,3.2,0.4,1.7,0.6,18.036747396491855,10.635622030973185,162,71.97916666666667,13.0,1.8,0.6,0.4,0.4,12.25724954045004,12.457662826371024,15.0,13.0,70.28125,71.97916666666667,2026-10-02T16:16:12.731495+00:00,0.4087773623217158,0.43103635415147246,0.16018628352681163,Draw,Draw,0.43103635415147246,90.20828537544028,0.09791714624559707,High Risk,No Clear Edge,No bet,Market odds unavailable; betting value cannot be established.,2026-10-02T16:16:18.354637+00:00
