fixture_id,provider_event_id,source,observed_at,kickoff_utc,edition_id,rules_version,Date,Time,HomeTeam,AwayTeam,home_team_id,away_team_id,Status
belgium:espn:401878996,401878996,espn,2026-09-11T12:19:42.079763+00:00,2026-09-11T18:45:00+00:00,bel.1:2026-27,bel.1-2026-27-v1,2026-09-11,20:45,Mechelen,Anderlecht,belgium:mechelen,belgium:anderlecht,STATUS_SCHEDULED
belgium:espn:401878995,401878995,espn,2026-09-11T12:19:42.079763+00:00,2026-09-12T14:00:00+00:00,bel.1:2026-27,bel.1-2026-27-v1,2026-09-12,16:00,Beveren,St. Truiden,belgium:beveren,belgium:st-truiden,STATUS_SCHEDULED
belgium:espn:401878994,401878994,espn,2026-09-11T12:19:42.079763+00:00,2026-09-12T16:15:00+00:00,bel.1:2026-27,bel.1-2026-27-v1,2026-09-12,18:15,Westerlo,Standard,belgium:westerlo,belgium:standard,STATUS_SCHEDULED
belgium:espn:401878993,401878993,espn,2026-09-11T12:19:42.079763+00:00,2026-09-12T18:45:00+00:00,bel.1:2026-27,bel.1-2026-27-v1,2026-09-12,20:45,Leuven,Cercle Brugge,belgium:leuven,belgium:cercle-brugge,STATUS_SCHEDULED
belgium:espn:401878992,401878992,espn,2026-09-11T12:19:42.079763+00:00,2026-09-12T18:45:00+00:00,bel.1:2026-27,bel.1-2026-27-v1,2026-09-12,20:45,St. Gilloise,Lommel SK,belgium:st-gilloise,belgium:lommel-sk,STATUS_SCHEDULED
belgium:espn:401878991,401878991,espn,2026-09-11T12:19:42.079763+00:00,2026-09-13T11:30:00+00:00,bel.1:2026-27,bel.1-2026-27-v1,2026-09-13,13:30,Club Brugge,Antwerp,belgium:club-brugge,belgium:antwerp,STATUS_SCHEDULED
belgium:espn:401878990,401878990,espn,2026-09-11T12:19:42.079763+00:00,2026-09-13T14:00:00+00:00,bel.1:2026-27,bel.1-2026-27-v1,2026-09-13,16:00,Genk,Gent,belgium:genk,belgium:gent,STATUS_SCHEDULED
belgium:espn:401878989,401878989,espn,2026-09-11T12:19:42.079763+00:00,2026-09-13T16:30:00+00:00,bel.1:2026-27,bel.1-2026-27-v1,2026-09-13,18:30,Waregem,Charleroi,belgium:waregem,belgium:charleroi,STATUS_SCHEDULED
belgium:espn:401878988,401878988,espn,2026-09-11T12:19:42.079763+00:00,2026-09-13T17:15:00+00:00,bel.1:2026-27,bel.1-2026-27-v1,2026-09-13,19:15,RAAL La Louviere,Kortrijk,belgium:raal-la-louviere,belgium:kortrijk,STATUS_SCHEDULED
belgium:espn:401878987,401878987,espn,2026-09-11T12:19:42.079763+00:00,2026-09-18T18:45:00+00:00,bel.1:2026-27,bel.1-2026-27-v1,2026-09-18,20:45,Gent,Standard,belgium:gent,belgium:standard,STATUS_SCHEDULED
belgium:espn:401878986,401878986,espn,2026-09-11T12:19:42.079763+00:00,2026-09-19T14:00:00+00:00,bel.1:2026-27,bel.1-2026-27-v1,2026-09-19,16:00,Leuven,RAAL La Louviere,belgium:leuven,belgium:raal-la-louviere,STATUS_SCHEDULED
belgium:espn:401878985,401878985,espn,2026-09-11T12:19:42.079763+00:00,2026-09-19T16:15:00+00:00,bel.1:2026-27,bel.1-2026-27-v1,2026-09-19,18:15,Charleroi,Cercle Brugge,belgium:charleroi,belgium:cercle-brugge,STATUS_SCHEDULED
belgium:espn:401878984,401878984,espn,2026-09-11T12:19:42.079763+00:00,2026-09-19T18:45:00+00:00,bel.1:2026-27,bel.1-2026-27-v1,2026-09-19,20:45,Anderlecht,Waregem,belgium:anderlecht,belgium:waregem,STATUS_SCHEDULED
belgium:espn:401878983,401878983,espn,2026-09-11T12:19:42.079763+00:00,2026-09-19T18:45:00+00:00,bel.1:2026-27,bel.1-2026-27-v1,2026-09-19,20:45,Lommel SK,Mechelen,belgium:lommel-sk,belgium:mechelen,STATUS_SCHEDULED
belgium:espn:401878982,401878982,espn,2026-09-11T12:19:42.079763+00:00,2026-09-20T11:30:00+00:00,bel.1:2026-27,bel.1-2026-27-v1,2026-09-20,13:30,Antwerp,St. Gilloise,belgium:antwerp,belgium:st-gilloise,STATUS_SCHEDULED
belgium:espn:401878981,401878981,espn,2026-09-11T12:19:42.079763+00:00,2026-09-20T14:00:00+00:00,bel.1:2026-27,bel.1-2026-27-v1,2026-09-20,16:00,St. Truiden,Westerlo,belgium:st-truiden,belgium:westerlo,STATUS_SCHEDULED
belgium:espn:401878980,401878980,espn,2026-09-11T12:19:42.079763+00:00,2026-09-20T16:30:00+00:00,bel.1:2026-27,bel.1-2026-27-v1,2026-09-20,18:30,Club Brugge,Genk,belgium:club-brugge,belgium:genk,STATUS_SCHEDULED
belgium:espn:401878979,401878979,espn,2026-09-11T12:19:42.079763+00:00,2026-09-20T17:15:00+00:00,bel.1:2026-27,bel.1-2026-27-v1,2026-09-20,19:15,Kortrijk,Beveren,belgium:kortrijk,belgium:beveren,STATUS_SCHEDULED
belgium:espn:401878976,401878976,espn,2026-09-11T12:19:42.079763+00:00,2026-10-09T18:45:00+00:00,bel.1:2026-27,bel.1-2026-27-v1,2026-10-09,20:45,Beveren,Lommel SK,belgium:beveren,belgium:lommel-sk,STATUS_SCHEDULED
belgium:espn:401878977,401878977,espn,2026-09-11T12:19:42.079763+00:00,2026-10-10T14:00:00+00:00,bel.1:2026-27,bel.1-2026-27-v1,2026-10-10,16:00,Cercle Brugge,Anderlecht,belgium:cercle-brugge,belgium:anderlecht,STATUS_SCHEDULED
belgium:espn:401878978,401878978,espn,2026-09-11T12:19:42.079763+00:00,2026-10-10T16:15:00+00:00,bel.1:2026-27,bel.1-2026-27-v1,2026-10-10,18:15,RAAL La Louviere,Club Brugge,belgium:raal-la-louviere,belgium:club-brugge,STATUS_SCHEDULED
belgium:espn:401878973,401878973,espn,2026-09-11T12:19:42.079763+00:00,2026-10-10T18:45:00+00:00,bel.1:2026-27,bel.1-2026-27-v1,2026-10-10,20:45,Genk,Kortrijk,belgium:genk,belgium:kortrijk,STATUS_SCHEDULED
belgium:espn:401878974,401878974,espn,2026-09-11T12:19:42.079763+00:00,2026-10-10T18:45:00+00:00,bel.1:2026-27,bel.1-2026-27-v1,2026-10-10,20:45,Waregem,Gent,belgium:waregem,belgium:gent,STATUS_SCHEDULED
belgium:espn:401878971,401878971,espn,2026-09-11T12:19:42.079763+00:00,2026-10-11T11:30:00+00:00,bel.1:2026-27,bel.1-2026-27-v1,2026-10-11,13:30,Standard,Charleroi,belgium:standard,belgium:charleroi,STATUS_SCHEDULED
belgium:espn:401878975,401878975,espn,2026-09-11T12:19:42.079763+00:00,2026-10-11T14:00:00+00:00,bel.1:2026-27,bel.1-2026-27-v1,2026-10-11,16:00,St. Gilloise,Leuven,belgium:st-gilloise,belgium:leuven,STATUS_SCHEDULED
belgium:espn:401878970,401878970,espn,2026-09-11T12:19:42.079763+00:00,2026-10-11T16:30:00+00:00,bel.1:2026-27,bel.1-2026-27-v1,2026-10-11,18:30,Westerlo,Antwerp,belgium:westerlo,belgium:antwerp,STATUS_SCHEDULED
belgium:espn:401878972,401878972,espn,2026-09-11T12:19:42.079763+00:00,2026-10-11T17:15:00+00:00,bel.1:2026-27,bel.1-2026-27-v1,2026-10-11,19:15,Mechelen,St. Truiden,belgium:mechelen,belgium:st-truiden,STATUS_SCHEDULED
belgium:espn:401878967,401878967,espn,2026-09-11T12:19:42.079763+00:00,2026-10-23T18:45:00+00:00,bel.1:2026-27,bel.1-2026-27-v1,2026-10-23,20:45,Kortrijk,Mechelen,belgium:kortrijk,belgium:mechelen,STATUS_SCHEDULED
belgium:espn:401878968,401878968,espn,2026-09-11T12:19:42.079763+00:00,2026-10-24T14:00:00+00:00,bel.1:2026-27,bel.1-2026-27-v1,2026-10-24,16:00,Antwerp,Charleroi,belgium:antwerp,belgium:charleroi,STATUS_SCHEDULED
belgium:espn:401878969,401878969,espn,2026-09-11T12:19:42.079763+00:00,2026-10-24T16:15:00+00:00,bel.1:2026-27,bel.1-2026-27-v1,2026-10-24,18:15,Leuven,Lommel SK,belgium:leuven,belgium:lommel-sk,STATUS_SCHEDULED
belgium:espn:401878965,401878965,espn,2026-09-11T12:19:42.079763+00:00,2026-10-24T18:45:00+00:00,bel.1:2026-27,bel.1-2026-27-v1,2026-10-24,20:45,Westerlo,Beveren,belgium:westerlo,belgium:beveren,STATUS_SCHEDULED
belgium:espn:401878966,401878966,espn,2026-09-11T12:19:42.079763+00:00,2026-10-24T18:45:00+00:00,bel.1:2026-27,bel.1-2026-27-v1,2026-10-24,20:45,RAAL La Louviere,Waregem,belgium:raal-la-louviere,belgium:waregem,STATUS_SCHEDULED
belgium:espn:401878963,401878963,espn,2026-09-11T12:19:42.079763+00:00,2026-10-25T12:30:00+00:00,bel.1:2026-27,bel.1-2026-27-v1,2026-10-25,13:30,Genk,Standard,belgium:genk,belgium:standard,STATUS_SCHEDULED
belgium:espn:401878964,401878964,espn,2026-09-11T12:19:42.079763+00:00,2026-10-25T15:00:00+00:00,bel.1:2026-27,bel.1-2026-27-v1,2026-10-25,16:00,Club Brugge,St. Truiden,belgium:club-brugge,belgium:st-truiden,STATUS_SCHEDULED
belgium:espn:401878962,401878962,espn,2026-09-11T12:19:42.079763+00:00,2026-10-25T17:30:00+00:00,bel.1:2026-27,bel.1-2026-27-v1,2026-10-25,18:30,Gent,Anderlecht,belgium:gent,belgium:anderlecht,STATUS_SCHEDULED
belgium:espn:401878961,401878961,espn,2026-09-11T12:19:42.079763+00:00,2026-10-25T18:15:00+00:00,bel.1:2026-27,bel.1-2026-27-v1,2026-10-25,19:15,St. Gilloise,Cercle Brugge,belgium:st-gilloise,belgium:cercle-brugge,STATUS_SCHEDULED
belgium:espn:401878956,401878956,espn,2026-09-11T12:19:42.079763+00:00,2026-10-30T19:45:00+00:00,bel.1:2026-27,bel.1-2026-27-v1,2026-10-30,20:45,Waregem,Club Brugge,belgium:waregem,belgium:club-brugge,STATUS_SCHEDULED
belgium:espn:401878958,401878958,espn,2026-09-11T12:19:42.079763+00:00,2026-10-31T15:00:00+00:00,bel.1:2026-27,bel.1-2026-27-v1,2026-10-31,16:00,Mechelen,Genk,belgium:mechelen,belgium:genk,STATUS_SCHEDULED
belgium:espn:401878953,401878953,espn,2026-09-11T12:19:42.079763+00:00,2026-10-31T17:15:00+00:00,bel.1:2026-27,bel.1-2026-27-v1,2026-10-31,18:15,Standard,Kortrijk,belgium:standard,belgium:kortrijk,STATUS_SCHEDULED
belgium:espn:401878960,401878960,espn,2026-09-11T12:19:42.079763+00:00,2026-10-31T19:45:00+00:00,bel.1:2026-27,bel.1-2026-27-v1,2026-10-31,20:45,Anderlecht,Westerlo,belgium:anderlecht,belgium:westerlo,STATUS_SCHEDULED
belgium:espn:401878957,401878957,espn,2026-09-11T12:19:42.079763+00:00,2026-10-31T19:45:00+00:00,bel.1:2026-27,bel.1-2026-27-v1,2026-10-31,20:45,Beveren,St. Gilloise,belgium:beveren,belgium:st-gilloise,STATUS_SCHEDULED
belgium:espn:401878959,401878959,espn,2026-09-11T12:19:42.079763+00:00,2026-11-01T12:30:00+00:00,bel.1:2026-27,bel.1-2026-27-v1,2026-11-01,13:30,Cercle Brugge,Antwerp,belgium:cercle-brugge,belgium:antwerp,STATUS_SCHEDULED
belgium:espn:401878952,401878952,espn,2026-09-11T12:19:42.079763+00:00,2026-11-01T15:00:00+00:00,bel.1:2026-27,bel.1-2026-27-v1,2026-11-01,16:00,St. Truiden,Leuven,belgium:st-truiden,belgium:leuven,STATUS_SCHEDULED
belgium:espn:401878954,401878954,espn,2026-09-11T12:19:42.079763+00:00,2026-11-01T17:30:00+00:00,bel.1:2026-27,bel.1-2026-27-v1,2026-11-01,18:30,Lommel SK,Gent,belgium:lommel-sk,belgium:gent,STATUS_SCHEDULED
belgium:espn:401878955,401878955,espn,2026-09-11T12:19:42.079763+00:00,2026-11-01T18:15:00+00:00,bel.1:2026-27,bel.1-2026-27-v1,2026-11-01,19:15,Charleroi,RAAL La Louviere,belgium:charleroi,belgium:raal-la-louviere,STATUS_SCHEDULED
belgium:espn:401878951,401878951,espn,2026-09-11T12:19:42.079763+00:00,2026-11-06T19:45:00+00:00,bel.1:2026-27,bel.1-2026-27-v1,2026-11-06,20:45,Standard,Beveren,belgium:standard,belgium:beveren,STATUS_SCHEDULED
belgium:espn:401878947,401878947,espn,2026-09-11T12:19:42.079763+00:00,2026-11-07T15:00:00+00:00,bel.1:2026-27,bel.1-2026-27-v1,2026-11-07,16:00,Westerlo,Charleroi,belgium:westerlo,belgium:charleroi,STATUS_SCHEDULED
belgium:espn:401878949,401878949,espn,2026-09-11T12:19:42.079763+00:00,2026-11-07T17:15:00+00:00,bel.1:2026-27,bel.1-2026-27-v1,2026-11-07,18:15,Leuven,Mechelen,belgium:leuven,belgium:mechelen,STATUS_SCHEDULED
belgium:espn:401878950,401878950,espn,2026-09-11T12:19:42.079763+00:00,2026-11-07T19:45:00+00:00,bel.1:2026-27,bel.1-2026-27-v1,2026-11-07,20:45,Antwerp,Lommel SK,belgium:antwerp,belgium:lommel-sk,STATUS_SCHEDULED
belgium:espn:401878948,401878948,espn,2026-09-11T12:19:42.079763+00:00,2026-11-07T19:45:00+00:00,bel.1:2026-27,bel.1-2026-27-v1,2026-11-07,20:45,RAAL La Louviere,Cercle Brugge,belgium:raal-la-louviere,belgium:cercle-brugge,STATUS_SCHEDULED
belgium:espn:401878946,401878946,espn,2026-09-11T12:19:42.079763+00:00,2026-11-08T12:30:00+00:00,bel.1:2026-27,bel.1-2026-27-v1,2026-11-08,13:30,Club Brugge,Anderlecht,belgium:club-brugge,belgium:anderlecht,STATUS_SCHEDULED
belgium:espn:401878945,401878945,espn,2026-09-11T12:19:42.079763+00:00,2026-11-08T15:00:00+00:00,bel.1:2026-27,bel.1-2026-27-v1,2026-11-08,16:00,Gent,Kortrijk,belgium:gent,belgium:kortrijk,STATUS_SCHEDULED
belgium:espn:401878943,401878943,espn,2026-09-11T12:19:42.079763+00:00,2026-11-08T17:30:00+00:00,bel.1:2026-27,bel.1-2026-27-v1,2026-11-08,18:30,St. Gilloise,Genk,belgium:st-gilloise,belgium:genk,STATUS_SCHEDULED
belgium:espn:401878944,401878944,espn,2026-09-11T12:19:42.079763+00:00,2026-11-08T18:15:00+00:00,bel.1:2026-27,bel.1-2026-27-v1,2026-11-08,19:15,St. Truiden,Waregem,belgium:st-truiden,belgium:waregem,STATUS_SCHEDULED
