feature,category,dtype,missing_rate,unique_values
Division,excluded,str,0.0,1
MatchDate,excluded,str,0.0,481
KickoffTime,excluded,str,0.0,12
HomeTeam,excluded,str,0.0,24
AwayTeam,excluded,str,0.0,24
FullTimeHomeGoals,excluded,int64,0.0,8
FullTimeAwayGoals,excluded,int64,0.0,7
FullTimeResult,excluded,str,0.0,3
HalfTimeHomeGoals,excluded,float64,0.0023006134969325155,6
HalfTimeAwayGoals,excluded,float64,0.0023006134969325155,5
HalfTimeResult,excluded,str,0.0023006134969325155,3
HomeShots,excluded,float64,0.0023006134969325155,34
AwayShots,excluded,float64,0.0023006134969325155,29
HomeShotsOnTarget,excluded,float64,0.0023006134969325155,17
AwayShotsOnTarget,excluded,float64,0.0023006134969325155,13
HomeFouls,excluded,float64,0.0023006134969325155,21
AwayFouls,excluded,float64,0.0023006134969325155,24
HomeCorners,excluded,float64,0.0023006134969325155,19
AwayCorners,excluded,float64,0.0023006134969325155,17
HomeYellowCards,excluded,float64,0.0023006134969325155,8
AwayYellowCards,excluded,float64,0.0023006134969325155,9
HomeRedCards,excluded,float64,0.0023006134969325155,3
AwayRedCards,excluded,float64,0.0023006134969325155,3
B365H,market,float64,0.003834355828220859,98
B365D,market,float64,0.003834355828220859,29
B365A,market,float64,0.003834355828220859,91
BWH,market,float64,0.09049079754601227,119
BWD,market,float64,0.09049079754601227,34
BWA,market,float64,0.09049079754601227,118
IWH,market,float64,0.6426380368098159,91
IWD,market,float64,0.6426380368098159,38
IWA,market,float64,0.6426380368098159,96
PSH,market,float64,0.21549079754601227,356
PSD,market,float64,0.21549079754601227,250
PSA,market,float64,0.21549079754601227,488
WHH,market,float64,0.6088957055214724,86
WHD,market,float64,0.6088957055214724,27
WHA,market,float64,0.6088957055214724,83
VCH,market,float64,0.5368098159509203,85
VCD,market,float64,0.5368098159509203,28
VCA,market,float64,0.5368098159509203,86
MaxH,market,float64,0.0,305
MaxD,market,float64,0.0,165
MaxA,market,float64,0.0,344
AvgH,market,float64,0.0,369
AvgD,market,float64,0.0,257
AvgA,market,float64,0.0,536
B365>2.5,market,float64,0.003834355828220859,48
B365<2.5,market,float64,0.003834355828220859,46
P>2.5,market,float64,0.21549079754601227,94
P<2.5,market,float64,0.21549079754601227,136
Max>2.5,market,float64,0.0,100
Max<2.5,market,float64,0.0,132
Avg>2.5,market,float64,0.0,95
Avg<2.5,market,float64,0.0,144
AHh,market,float64,0.0007668711656441718,18
B365AHH,market,float64,0.005368098159509203,31
B365AHA,market,float64,0.005368098159509203,31
PAHH,market,float64,0.21549079754601227,48
PAHA,market,float64,0.21549079754601227,47
MaxAHH,market,float64,0.0,48
MaxAHA,market,float64,0.0,48
AvgAHH,market,float64,0.0,43
AvgAHA,market,float64,0.0,47
B365CH,market,float64,0.0,97
B365CD,market,float64,0.0,35
B365CA,market,float64,0.0,95
BWCH,market,float64,0.09739263803680982,125
BWCD,market,float64,0.09739263803680982,35
BWCA,market,float64,0.09739263803680982,122
IWCH,market,float64,0.6426380368098159,94
IWCD,market,float64,0.6426380368098159,42
IWCA,market,float64,0.6426380368098159,99
PSCH,market,float64,0.21319018404907975,372
PSCD,market,float64,0.21319018404907975,265
PSCA,market,float64,0.21319018404907975,507
WHCH,market,float64,0.6073619631901841,85
WHCD,market,float64,0.6073619631901841,29
WHCA,market,float64,0.6073619631901841,80
VCCH,market,float64,0.536042944785276,91
VCCD,market,float64,0.536042944785276,32
VCCA,market,float64,0.536042944785276,91
MaxCH,market,float64,0.0,355
MaxCD,market,float64,0.0,223
MaxCA,market,float64,0.0,433
AvgCH,market,float64,0.0,387
AvgCD,market,float64,0.0,278
AvgCA,market,float64,0.0,553
B365C>2.5,market,float64,0.0,46
B365C<2.5,market,float64,0.0,46
PC>2.5,market,float64,0.21319018404907975,110
PC<2.5,market,float64,0.21319018404907975,158
MaxC>2.5,market,float64,0.0,118
MaxC<2.5,market,float64,0.0,153
AvgC>2.5,market,float64,0.0,109
AvgC<2.5,market,float64,0.0,160
AHCh,market,float64,0.0,19
B365CAHH,market,float64,0.0007668711656441718,29
B365CAHA,market,float64,0.0007668711656441718,28
PCAHH,market,float64,0.21319018404907975,55
PCAHA,market,float64,0.21319018404907975,56
MaxCAHH,market,float64,0.0,53
MaxCAHA,market,float64,0.0,55
AvgCAHH,market,float64,0.0,45
AvgCAHA,market,float64,0.0,45
League,no_odds,str,0.0,1
BFH,market,float64,0.7607361963190185,71
BFD,market,float64,0.7607361963190185,27
BFA,market,float64,0.7607361963190185,69
1XBH,market,float64,0.7668711656441718,190
1XBD,market,float64,0.7668711656441718,105
1XBA,market,float64,0.7668711656441718,206
BFEH,market,float64,0.4976993865030675,179
BFED,market,float64,0.4976993865030675,72
BFEA,market,float64,0.4976993865030675,173
BFE>2.5,market,float64,0.5245398773006135,103
BFE<2.5,market,float64,0.5245398773006135,114
BFEAHH,market,float64,0.7154907975460123,56
BFEAHA,market,float64,0.7154907975460123,58
BFCH,market,float64,0.7607361963190185,77
BFCD,market,float64,0.7607361963190185,28
BFCA,market,float64,0.7607361963190185,75
1XBCH,market,float64,0.7607361963190185,202
1XBCD,market,float64,0.7607361963190185,146
1XBCA,market,float64,0.7607361963190185,219
BFECH,market,float64,0.49003067484662577,179
BFECD,market,float64,0.49003067484662577,49
BFECA,market,float64,0.49003067484662577,164
BFEC>2.5,market,float64,0.49079754601226994,93
BFEC<2.5,market,float64,0.49079754601226994,99
BFECAHH,market,float64,0.4915644171779141,47
BFECAHA,market,float64,0.4915644171779141,49
Unnamed: 119,no_odds,float64,1.0,0
Unnamed: 120,no_odds,float64,1.0,0
BFDH,market,float64,0.7131901840490797,54
BFDD,market,float64,0.7131901840490797,18
BFDA,market,float64,0.7131901840490797,57
BMGMH,market,float64,0.7622699386503068,134
BMGMD,market,float64,0.7622699386503068,45
BMGMA,market,float64,0.7622699386503068,119
BVH,market,float64,0.7346625766871165,72
BVD,market,float64,0.7346625766871165,27
BVA,market,float64,0.7346625766871165,76
CLH,market,float64,0.8220858895705522,62
CLD,market,float64,0.8220858895705522,23
CLA,market,float64,0.8220858895705522,62
LBH,market,float64,0.816717791411043,59
LBD,market,float64,0.816717791411043,24
LBA,market,float64,0.816717791411043,65
BFDCH,market,float64,0.7162576687116564,56
BFDCD,market,float64,0.7162576687116564,19
BFDCA,market,float64,0.7162576687116564,59
BMGMCH,market,float64,0.7615030674846626,134
BMGMCD,market,float64,0.7615030674846626,47
BMGMCA,market,float64,0.7615030674846626,115
BVCH,market,float64,0.718558282208589,75
BVCD,market,float64,0.718558282208589,30
BVCA,market,float64,0.718558282208589,80
CLCH,market,float64,0.8335889570552147,62
CLCD,market,float64,0.8335889570552147,24
CLCA,market,float64,0.8335889570552147,66
LBCH,market,float64,0.8205521472392638,61
LBCD,market,float64,0.8205521472392638,24
LBCA,market,float64,0.8205521472392638,63
HxG,excluded,float64,0.9516871165644172,58
AxG,excluded,float64,0.9516871165644172,57
PPH,no_odds,float64,0.9532208588957055,35
PPD,no_odds,float64,0.9532208588957055,14
PPA,no_odds,float64,0.9532208588957055,37
SKBH,no_odds,float64,0.9532208588957055,35
SKBD,no_odds,float64,0.9532208588957055,16
SKBA,no_odds,float64,0.9532208588957055,39
PPCH,no_odds,float64,0.9516871165644172,43
PPCD,no_odds,float64,0.9516871165644172,22
PPCA,no_odds,float64,0.9516871165644172,35
SKBCH,no_odds,float64,0.9516871165644172,40
SKBCD,no_odds,float64,0.9516871165644172,22
SKBCA,no_odds,float64,0.9516871165644172,41
home_team_id,excluded,str,0.0,24
home_display_name,excluded,str,0.0,24
away_team_id,excluded,str,0.0,24
away_display_name,excluded,str,0.0,24
fixture_id,excluded,str,0.0,1304
league_key,excluded,str,0.0,1
edition_id,excluded,str,0.0,6
rules_version,excluded,str,0.0,6
kickoff_utc,excluded,str,0.0,1193
kickoff_precision,excluded,str,0.0,1
kickoff_lower_bound_utc,excluded,str,0.0,1193
source_clock_timezone,no_odds,str,0.0,1
status,no_odds,str,0.0,1
home_history_n,no_odds,int64,0.0,162
home_rest_days,no_odds,float64,0.009969325153374233,258
home_points_l5,no_odds,float64,0.009969325153374233,15
home_goals_for_l5,no_odds,float64,0.009969325153374233,29
home_goals_against_l5,no_odds,float64,0.009969325153374233,29
home_goal_diff_l10,no_odds,float64,0.009969325153374233,73
home_clean_sheet_l10,no_odds,float64,0.009969325153374233,22
home_shots_for_ewm10,no_odds,float64,0.009969325153374233,1286
home_shots_against_ewm10,no_odds,float64,0.009969325153374233,1286
away_history_n,no_odds,int64,0.0,162
away_rest_days,no_odds,float64,0.00843558282208589,257
away_points_l5,no_odds,float64,0.00843558282208589,15
away_goals_for_l5,no_odds,float64,0.00843558282208589,30
away_goals_against_l5,no_odds,float64,0.00843558282208589,29
away_goal_diff_l10,no_odds,float64,0.00843558282208589,82
away_clean_sheet_l10,no_odds,float64,0.00843558282208589,23
away_shots_for_ewm10,no_odds,float64,0.00843558282208589,1288
away_shots_against_ewm10,no_odds,float64,0.00843558282208589,1288
as_of,excluded,str,0.0,1193
home_xg_for_previous,no_odds,float64,1.0,0
home_xg_for_l5,no_odds,float64,1.0,0
home_xg_for_l10,no_odds,float64,1.0,0
home_xg_for_ewm5,no_odds,float64,1.0,0
home_xg_for_ewm10,no_odds,float64,1.0,0
home_xg_for_coverage_l10,no_odds,float64,1.0,0
home_xg_against_previous,no_odds,float64,1.0,0
home_xg_against_l5,no_odds,float64,1.0,0
home_xg_against_l10,no_odds,float64,1.0,0
home_xg_against_ewm5,no_odds,float64,1.0,0
home_xg_against_ewm10,no_odds,float64,1.0,0
home_xg_against_coverage_l10,no_odds,float64,1.0,0
away_xg_for_previous,no_odds,float64,1.0,0
away_xg_for_l5,no_odds,float64,1.0,0
away_xg_for_l10,no_odds,float64,1.0,0
away_xg_for_ewm5,no_odds,float64,1.0,0
away_xg_for_ewm10,no_odds,float64,1.0,0
away_xg_for_coverage_l10,no_odds,float64,1.0,0
away_xg_against_previous,no_odds,float64,1.0,0
away_xg_against_l5,no_odds,float64,1.0,0
away_xg_against_l10,no_odds,float64,1.0,0
away_xg_against_ewm5,no_odds,float64,1.0,0
away_xg_against_ewm10,no_odds,float64,1.0,0
away_xg_against_coverage_l10,no_odds,float64,1.0,0
home_finishing_vs_expectation_previous,no_odds,float64,1.0,0
home_finishing_vs_expectation_l5,no_odds,float64,1.0,0
home_finishing_vs_expectation_l10,no_odds,float64,1.0,0
home_finishing_vs_expectation_ewm5,no_odds,float64,1.0,0
home_finishing_vs_expectation_ewm10,no_odds,float64,1.0,0
home_finishing_vs_expectation_coverage_l10,no_odds,float64,1.0,0
away_finishing_vs_expectation_previous,no_odds,float64,1.0,0
away_finishing_vs_expectation_l5,no_odds,float64,1.0,0
away_finishing_vs_expectation_l10,no_odds,float64,1.0,0
away_finishing_vs_expectation_ewm5,no_odds,float64,1.0,0
away_finishing_vs_expectation_ewm10,no_odds,float64,1.0,0
away_finishing_vs_expectation_coverage_l10,no_odds,float64,1.0,0
home_xgot_for_previous,no_odds,float64,1.0,0
home_xgot_for_l5,no_odds,float64,1.0,0
home_xgot_for_l10,no_odds,float64,1.0,0
home_xgot_for_ewm5,no_odds,float64,1.0,0
home_xgot_for_ewm10,no_odds,float64,1.0,0
home_xgot_for_coverage_l10,no_odds,float64,1.0,0
home_xgot_against_previous,no_odds,float64,1.0,0
home_xgot_against_l5,no_odds,float64,1.0,0
home_xgot_against_l10,no_odds,float64,1.0,0
home_xgot_against_ewm5,no_odds,float64,1.0,0
home_xgot_against_ewm10,no_odds,float64,1.0,0
home_xgot_against_coverage_l10,no_odds,float64,1.0,0
away_xgot_for_previous,no_odds,float64,1.0,0
away_xgot_for_l5,no_odds,float64,1.0,0
away_xgot_for_l10,no_odds,float64,1.0,0
away_xgot_for_ewm5,no_odds,float64,1.0,0
away_xgot_for_ewm10,no_odds,float64,1.0,0
away_xgot_for_coverage_l10,no_odds,float64,1.0,0
away_xgot_against_previous,no_odds,float64,1.0,0
away_xgot_against_l5,no_odds,float64,1.0,0
away_xgot_against_l10,no_odds,float64,1.0,0
away_xgot_against_ewm5,no_odds,float64,1.0,0
away_xgot_against_ewm10,no_odds,float64,1.0,0
away_xgot_against_coverage_l10,no_odds,float64,1.0,0
home_shots_previous,no_odds,float64,1.0,0
home_shots_l5,no_odds,float64,1.0,0
home_shots_l10,no_odds,float64,1.0,0
home_shots_ewm5,no_odds,float64,1.0,0
home_shots_ewm10,no_odds,float64,1.0,0
home_shots_coverage_l10,no_odds,float64,1.0,0
away_shots_previous,no_odds,float64,1.0,0
away_shots_l5,no_odds,float64,1.0,0
away_shots_l10,no_odds,float64,1.0,0
away_shots_ewm5,no_odds,float64,1.0,0
away_shots_ewm10,no_odds,float64,1.0,0
away_shots_coverage_l10,no_odds,float64,1.0,0
home_shots_on_target_previous,no_odds,float64,1.0,0
home_shots_on_target_l5,no_odds,float64,1.0,0
home_shots_on_target_l10,no_odds,float64,1.0,0
home_shots_on_target_ewm5,no_odds,float64,1.0,0
home_shots_on_target_ewm10,no_odds,float64,1.0,0
home_shots_on_target_coverage_l10,no_odds,float64,1.0,0
away_shots_on_target_previous,no_odds,float64,1.0,0
away_shots_on_target_l5,no_odds,float64,1.0,0
away_shots_on_target_l10,no_odds,float64,1.0,0
away_shots_on_target_ewm5,no_odds,float64,1.0,0
away_shots_on_target_ewm10,no_odds,float64,1.0,0
away_shots_on_target_coverage_l10,no_odds,float64,1.0,0
home_xg_per_shot_previous,no_odds,float64,1.0,0
home_xg_per_shot_l5,no_odds,float64,1.0,0
home_xg_per_shot_l10,no_odds,float64,1.0,0
home_xg_per_shot_ewm5,no_odds,float64,1.0,0
home_xg_per_shot_ewm10,no_odds,float64,1.0,0
home_xg_per_shot_coverage_l10,no_odds,float64,1.0,0
away_xg_per_shot_previous,no_odds,float64,1.0,0
away_xg_per_shot_l5,no_odds,float64,1.0,0
away_xg_per_shot_l10,no_odds,float64,1.0,0
away_xg_per_shot_ewm5,no_odds,float64,1.0,0
away_xg_per_shot_ewm10,no_odds,float64,1.0,0
away_xg_per_shot_coverage_l10,no_odds,float64,1.0,0
home_xgot_minus_xg_previous,no_odds,float64,1.0,0
home_xgot_minus_xg_l5,no_odds,float64,1.0,0
home_xgot_minus_xg_l10,no_odds,float64,1.0,0
home_xgot_minus_xg_ewm5,no_odds,float64,1.0,0
home_xgot_minus_xg_ewm10,no_odds,float64,1.0,0
home_xgot_minus_xg_coverage_l10,no_odds,float64,1.0,0
away_xgot_minus_xg_previous,no_odds,float64,1.0,0
away_xgot_minus_xg_l5,no_odds,float64,1.0,0
away_xgot_minus_xg_l10,no_odds,float64,1.0,0
away_xgot_minus_xg_ewm5,no_odds,float64,1.0,0
away_xgot_minus_xg_ewm10,no_odds,float64,1.0,0
away_xgot_minus_xg_coverage_l10,no_odds,float64,1.0,0
home_inside_box_share_previous,no_odds,float64,1.0,0
home_inside_box_share_l5,no_odds,float64,1.0,0
home_inside_box_share_l10,no_odds,float64,1.0,0
home_inside_box_share_ewm5,no_odds,float64,1.0,0
home_inside_box_share_ewm10,no_odds,float64,1.0,0
home_inside_box_share_coverage_l10,no_odds,float64,1.0,0
away_inside_box_share_previous,no_odds,float64,1.0,0
away_inside_box_share_l5,no_odds,float64,1.0,0
away_inside_box_share_l10,no_odds,float64,1.0,0
away_inside_box_share_ewm5,no_odds,float64,1.0,0
away_inside_box_share_ewm10,no_odds,float64,1.0,0
away_inside_box_share_coverage_l10,no_odds,float64,1.0,0
home_set_piece_xg_share_previous,no_odds,float64,1.0,0
home_set_piece_xg_share_l5,no_odds,float64,1.0,0
home_set_piece_xg_share_l10,no_odds,float64,1.0,0
home_set_piece_xg_share_ewm5,no_odds,float64,1.0,0
home_set_piece_xg_share_ewm10,no_odds,float64,1.0,0
home_set_piece_xg_share_coverage_l10,no_odds,float64,1.0,0
away_set_piece_xg_share_previous,no_odds,float64,1.0,0
away_set_piece_xg_share_l5,no_odds,float64,1.0,0
away_set_piece_xg_share_l10,no_odds,float64,1.0,0
away_set_piece_xg_share_ewm5,no_odds,float64,1.0,0
away_set_piece_xg_share_ewm10,no_odds,float64,1.0,0
away_set_piece_xg_share_coverage_l10,no_odds,float64,1.0,0
home_open_play_xg_share_previous,no_odds,float64,1.0,0
home_open_play_xg_share_l5,no_odds,float64,1.0,0
home_open_play_xg_share_l10,no_odds,float64,1.0,0
home_open_play_xg_share_ewm5,no_odds,float64,1.0,0
home_open_play_xg_share_ewm10,no_odds,float64,1.0,0
home_open_play_xg_share_coverage_l10,no_odds,float64,1.0,0
away_open_play_xg_share_previous,no_odds,float64,1.0,0
away_open_play_xg_share_l5,no_odds,float64,1.0,0
away_open_play_xg_share_l10,no_odds,float64,1.0,0
away_open_play_xg_share_ewm5,no_odds,float64,1.0,0
away_open_play_xg_share_ewm10,no_odds,float64,1.0,0
away_open_play_xg_share_coverage_l10,no_odds,float64,1.0,0
home_blocked_rate_previous,no_odds,float64,1.0,0
home_blocked_rate_l5,no_odds,float64,1.0,0
home_blocked_rate_l10,no_odds,float64,1.0,0
home_blocked_rate_ewm5,no_odds,float64,1.0,0
home_blocked_rate_ewm10,no_odds,float64,1.0,0
home_blocked_rate_coverage_l10,no_odds,float64,1.0,0
away_blocked_rate_previous,no_odds,float64,1.0,0
away_blocked_rate_l5,no_odds,float64,1.0,0
away_blocked_rate_l10,no_odds,float64,1.0,0
away_blocked_rate_ewm5,no_odds,float64,1.0,0
away_blocked_rate_ewm10,no_odds,float64,1.0,0
away_blocked_rate_coverage_l10,no_odds,float64,1.0,0
home_header_share_previous,no_odds,float64,1.0,0
home_header_share_l5,no_odds,float64,1.0,0
home_header_share_l10,no_odds,float64,1.0,0
home_header_share_ewm5,no_odds,float64,1.0,0
home_header_share_ewm10,no_odds,float64,1.0,0
home_header_share_coverage_l10,no_odds,float64,1.0,0
away_header_share_previous,no_odds,float64,1.0,0
away_header_share_l5,no_odds,float64,1.0,0
away_header_share_l10,no_odds,float64,1.0,0
away_header_share_ewm5,no_odds,float64,1.0,0
away_header_share_ewm10,no_odds,float64,1.0,0
away_header_share_coverage_l10,no_odds,float64,1.0,0
home_chance_concentration_previous,no_odds,float64,1.0,0
home_chance_concentration_l5,no_odds,float64,1.0,0
home_chance_concentration_l10,no_odds,float64,1.0,0
home_chance_concentration_ewm5,no_odds,float64,1.0,0
home_chance_concentration_ewm10,no_odds,float64,1.0,0
home_chance_concentration_coverage_l10,no_odds,float64,1.0,0
away_chance_concentration_previous,no_odds,float64,1.0,0
away_chance_concentration_l5,no_odds,float64,1.0,0
away_chance_concentration_l10,no_odds,float64,1.0,0
away_chance_concentration_ewm5,no_odds,float64,1.0,0
away_chance_concentration_ewm10,no_odds,float64,1.0,0
away_chance_concentration_coverage_l10,no_odds,float64,1.0,0
home_xt_for_previous,no_odds,float64,1.0,0
home_xt_for_l5,no_odds,float64,1.0,0
home_xt_for_l10,no_odds,float64,1.0,0
home_xt_for_ewm5,no_odds,float64,1.0,0
home_xt_for_ewm10,no_odds,float64,1.0,0
home_xt_for_coverage_l10,no_odds,float64,1.0,0
home_xt_against_previous,no_odds,float64,1.0,0
home_xt_against_l5,no_odds,float64,1.0,0
home_xt_against_l10,no_odds,float64,1.0,0
home_xt_against_ewm5,no_odds,float64,1.0,0
home_xt_against_ewm10,no_odds,float64,1.0,0
home_xt_against_coverage_l10,no_odds,float64,1.0,0
away_xt_for_previous,no_odds,float64,1.0,0
away_xt_for_l5,no_odds,float64,1.0,0
away_xt_for_l10,no_odds,float64,1.0,0
away_xt_for_ewm5,no_odds,float64,1.0,0
away_xt_for_ewm10,no_odds,float64,1.0,0
away_xt_for_coverage_l10,no_odds,float64,1.0,0
away_xt_against_previous,no_odds,float64,1.0,0
away_xt_against_l5,no_odds,float64,1.0,0
away_xt_against_l10,no_odds,float64,1.0,0
away_xt_against_ewm5,no_odds,float64,1.0,0
away_xt_against_ewm10,no_odds,float64,1.0,0
away_xt_against_coverage_l10,no_odds,float64,1.0,0
home_vaep_total_previous,no_odds,float64,1.0,0
home_vaep_total_l5,no_odds,float64,1.0,0
home_vaep_total_l10,no_odds,float64,1.0,0
home_vaep_total_ewm5,no_odds,float64,1.0,0
home_vaep_total_ewm10,no_odds,float64,1.0,0
home_vaep_total_coverage_l10,no_odds,float64,1.0,0
away_vaep_total_previous,no_odds,float64,1.0,0
away_vaep_total_l5,no_odds,float64,1.0,0
away_vaep_total_l10,no_odds,float64,1.0,0
away_vaep_total_ewm5,no_odds,float64,1.0,0
away_vaep_total_ewm10,no_odds,float64,1.0,0
away_vaep_total_coverage_l10,no_odds,float64,1.0,0
home_vaep_offensive_previous,no_odds,float64,1.0,0
home_vaep_offensive_l5,no_odds,float64,1.0,0
home_vaep_offensive_l10,no_odds,float64,1.0,0
home_vaep_offensive_ewm5,no_odds,float64,1.0,0
home_vaep_offensive_ewm10,no_odds,float64,1.0,0
home_vaep_offensive_coverage_l10,no_odds,float64,1.0,0
away_vaep_offensive_previous,no_odds,float64,1.0,0
away_vaep_offensive_l5,no_odds,float64,1.0,0
away_vaep_offensive_l10,no_odds,float64,1.0,0
away_vaep_offensive_ewm5,no_odds,float64,1.0,0
away_vaep_offensive_ewm10,no_odds,float64,1.0,0
away_vaep_offensive_coverage_l10,no_odds,float64,1.0,0
home_vaep_defensive_previous,no_odds,float64,1.0,0
home_vaep_defensive_l5,no_odds,float64,1.0,0
home_vaep_defensive_l10,no_odds,float64,1.0,0
home_vaep_defensive_ewm5,no_odds,float64,1.0,0
home_vaep_defensive_ewm10,no_odds,float64,1.0,0
home_vaep_defensive_coverage_l10,no_odds,float64,1.0,0
away_vaep_defensive_previous,no_odds,float64,1.0,0
away_vaep_defensive_l5,no_odds,float64,1.0,0
away_vaep_defensive_l10,no_odds,float64,1.0,0
away_vaep_defensive_ewm5,no_odds,float64,1.0,0
away_vaep_defensive_ewm10,no_odds,float64,1.0,0
away_vaep_defensive_coverage_l10,no_odds,float64,1.0,0
home_ppda_previous,no_odds,float64,1.0,0
home_ppda_l5,no_odds,float64,1.0,0
home_ppda_l10,no_odds,float64,1.0,0
home_ppda_ewm5,no_odds,float64,1.0,0
home_ppda_ewm10,no_odds,float64,1.0,0
home_ppda_coverage_l10,no_odds,float64,1.0,0
away_ppda_previous,no_odds,float64,1.0,0
away_ppda_l5,no_odds,float64,1.0,0
away_ppda_l10,no_odds,float64,1.0,0
away_ppda_ewm5,no_odds,float64,1.0,0
away_ppda_ewm10,no_odds,float64,1.0,0
away_ppda_coverage_l10,no_odds,float64,1.0,0
home_field_tilt_previous,no_odds,float64,1.0,0
home_field_tilt_l5,no_odds,float64,1.0,0
home_field_tilt_l10,no_odds,float64,1.0,0
home_field_tilt_ewm5,no_odds,float64,1.0,0
home_field_tilt_ewm10,no_odds,float64,1.0,0
home_field_tilt_coverage_l10,no_odds,float64,1.0,0
away_field_tilt_previous,no_odds,float64,1.0,0
away_field_tilt_l5,no_odds,float64,1.0,0
away_field_tilt_l10,no_odds,float64,1.0,0
away_field_tilt_ewm5,no_odds,float64,1.0,0
away_field_tilt_ewm10,no_odds,float64,1.0,0
away_field_tilt_coverage_l10,no_odds,float64,1.0,0
home_high_turnovers_previous,no_odds,float64,1.0,0
home_high_turnovers_l5,no_odds,float64,1.0,0
home_high_turnovers_l10,no_odds,float64,1.0,0
home_high_turnovers_ewm5,no_odds,float64,1.0,0
home_high_turnovers_ewm10,no_odds,float64,1.0,0
home_high_turnovers_coverage_l10,no_odds,float64,1.0,0
away_high_turnovers_previous,no_odds,float64,1.0,0
away_high_turnovers_l5,no_odds,float64,1.0,0
away_high_turnovers_l10,no_odds,float64,1.0,0
away_high_turnovers_ewm5,no_odds,float64,1.0,0
away_high_turnovers_ewm10,no_odds,float64,1.0,0
away_high_turnovers_coverage_l10,no_odds,float64,1.0,0
home_counterpress_regains_5s_previous,no_odds,float64,1.0,0
home_counterpress_regains_5s_l5,no_odds,float64,1.0,0
home_counterpress_regains_5s_l10,no_odds,float64,1.0,0
home_counterpress_regains_5s_ewm5,no_odds,float64,1.0,0
home_counterpress_regains_5s_ewm10,no_odds,float64,1.0,0
home_counterpress_regains_5s_coverage_l10,no_odds,float64,1.0,0
away_counterpress_regains_5s_previous,no_odds,float64,1.0,0
away_counterpress_regains_5s_l5,no_odds,float64,1.0,0
away_counterpress_regains_5s_l10,no_odds,float64,1.0,0
away_counterpress_regains_5s_ewm5,no_odds,float64,1.0,0
away_counterpress_regains_5s_ewm10,no_odds,float64,1.0,0
away_counterpress_regains_5s_coverage_l10,no_odds,float64,1.0,0
home_avg_defensive_action_x_previous,no_odds,float64,1.0,0
home_avg_defensive_action_x_l5,no_odds,float64,1.0,0
home_avg_defensive_action_x_l10,no_odds,float64,1.0,0
home_avg_defensive_action_x_ewm5,no_odds,float64,1.0,0
home_avg_defensive_action_x_ewm10,no_odds,float64,1.0,0
home_avg_defensive_action_x_coverage_l10,no_odds,float64,1.0,0
away_avg_defensive_action_x_previous,no_odds,float64,1.0,0
away_avg_defensive_action_x_l5,no_odds,float64,1.0,0
away_avg_defensive_action_x_l10,no_odds,float64,1.0,0
away_avg_defensive_action_x_ewm5,no_odds,float64,1.0,0
away_avg_defensive_action_x_ewm10,no_odds,float64,1.0,0
away_avg_defensive_action_x_coverage_l10,no_odds,float64,1.0,0
home_ball_recovery_time_previous,no_odds,float64,1.0,0
home_ball_recovery_time_l5,no_odds,float64,1.0,0
home_ball_recovery_time_l10,no_odds,float64,1.0,0
home_ball_recovery_time_ewm5,no_odds,float64,1.0,0
home_ball_recovery_time_ewm10,no_odds,float64,1.0,0
home_ball_recovery_time_coverage_l10,no_odds,float64,1.0,0
away_ball_recovery_time_previous,no_odds,float64,1.0,0
away_ball_recovery_time_l5,no_odds,float64,1.0,0
away_ball_recovery_time_l10,no_odds,float64,1.0,0
away_ball_recovery_time_ewm5,no_odds,float64,1.0,0
away_ball_recovery_time_ewm10,no_odds,float64,1.0,0
away_ball_recovery_time_coverage_l10,no_odds,float64,1.0,0
home_box_entries_previous,no_odds,float64,1.0,0
home_box_entries_l5,no_odds,float64,1.0,0
home_box_entries_l10,no_odds,float64,1.0,0
home_box_entries_ewm5,no_odds,float64,1.0,0
home_box_entries_ewm10,no_odds,float64,1.0,0
home_box_entries_coverage_l10,no_odds,float64,1.0,0
away_box_entries_previous,no_odds,float64,1.0,0
away_box_entries_l5,no_odds,float64,1.0,0
away_box_entries_l10,no_odds,float64,1.0,0
away_box_entries_ewm5,no_odds,float64,1.0,0
away_box_entries_ewm10,no_odds,float64,1.0,0
away_box_entries_coverage_l10,no_odds,float64,1.0,0
home_progressive_passes_previous,no_odds,float64,1.0,0
home_progressive_passes_l5,no_odds,float64,1.0,0
home_progressive_passes_l10,no_odds,float64,1.0,0
home_progressive_passes_ewm5,no_odds,float64,1.0,0
home_progressive_passes_ewm10,no_odds,float64,1.0,0
home_progressive_passes_coverage_l10,no_odds,float64,1.0,0
away_progressive_passes_previous,no_odds,float64,1.0,0
away_progressive_passes_l5,no_odds,float64,1.0,0
away_progressive_passes_l10,no_odds,float64,1.0,0
away_progressive_passes_ewm5,no_odds,float64,1.0,0
away_progressive_passes_ewm10,no_odds,float64,1.0,0
away_progressive_passes_coverage_l10,no_odds,float64,1.0,0
home_progressive_carries_previous,no_odds,float64,1.0,0
home_progressive_carries_l5,no_odds,float64,1.0,0
home_progressive_carries_l10,no_odds,float64,1.0,0
home_progressive_carries_ewm5,no_odds,float64,1.0,0
home_progressive_carries_ewm10,no_odds,float64,1.0,0
home_progressive_carries_coverage_l10,no_odds,float64,1.0,0
away_progressive_carries_previous,no_odds,float64,1.0,0
away_progressive_carries_l5,no_odds,float64,1.0,0
away_progressive_carries_l10,no_odds,float64,1.0,0
away_progressive_carries_ewm5,no_odds,float64,1.0,0
away_progressive_carries_ewm10,no_odds,float64,1.0,0
away_progressive_carries_coverage_l10,no_odds,float64,1.0,0
home_direct_speed_previous,no_odds,float64,1.0,0
home_direct_speed_l5,no_odds,float64,1.0,0
home_direct_speed_l10,no_odds,float64,1.0,0
home_direct_speed_ewm5,no_odds,float64,1.0,0
home_direct_speed_ewm10,no_odds,float64,1.0,0
home_direct_speed_coverage_l10,no_odds,float64,1.0,0
away_direct_speed_previous,no_odds,float64,1.0,0
away_direct_speed_l5,no_odds,float64,1.0,0
away_direct_speed_l10,no_odds,float64,1.0,0
away_direct_speed_ewm5,no_odds,float64,1.0,0
away_direct_speed_ewm10,no_odds,float64,1.0,0
away_direct_speed_coverage_l10,no_odds,float64,1.0,0
home_passes_per_sequence_previous,no_odds,float64,1.0,0
home_passes_per_sequence_l5,no_odds,float64,1.0,0
home_passes_per_sequence_l10,no_odds,float64,1.0,0
home_passes_per_sequence_ewm5,no_odds,float64,1.0,0
home_passes_per_sequence_ewm10,no_odds,float64,1.0,0
home_passes_per_sequence_coverage_l10,no_odds,float64,1.0,0
away_passes_per_sequence_previous,no_odds,float64,1.0,0
away_passes_per_sequence_l5,no_odds,float64,1.0,0
away_passes_per_sequence_l10,no_odds,float64,1.0,0
away_passes_per_sequence_ewm5,no_odds,float64,1.0,0
away_passes_per_sequence_ewm10,no_odds,float64,1.0,0
away_passes_per_sequence_coverage_l10,no_odds,float64,1.0,0
home_team_player_attack,no_odds,float64,1.0,0
home_team_player_defense,no_odds,float64,1.0,0
home_team_player_coverage,no_odds,float64,0.0,1
home_lineup_attack_delta,no_odds,float64,1.0,0
home_lineup_defense_delta,no_odds,float64,1.0,0
home_lineup_coverage,no_odds,float64,0.0,1
home_lineup_continuity,no_odds,float64,1.0,0
home_lineup_missing_starter_value,no_odds,float64,1.0,0
home_lineup_bench_attack,no_odds,float64,1.0,0
home_lineup_bench_defense,no_odds,float64,1.0,0
home_lineup_is_confirmed,no_odds,float64,0.0,1
home_confirmed_lineup_attack_delta,no_odds,float64,1.0,0
home_confirmed_lineup_defense_delta,no_odds,float64,1.0,0
home_confirmed_lineup_coverage,no_odds,float64,1.0,0
home_keeper_strength,no_odds,float64,1.0,0
home_keeper_effective_minutes,no_odds,float64,1.0,0
home_keeper_shots_on_target_faced,no_odds,float64,1.0,0
home_keeper_start_probability,no_odds,float64,1.0,0
home_keeper_claim_rate,excluded,float64,1.0,0
home_keeper_distribution_accuracy,excluded,float64,1.0,0
home_keeper_vaep_defensive,no_odds,float64,1.0,0
home_keeper_sweeper_actions,excluded,float64,1.0,0
away_team_player_attack,no_odds,float64,1.0,0
away_team_player_defense,no_odds,float64,1.0,0
away_team_player_coverage,no_odds,float64,0.0,1
away_lineup_attack_delta,no_odds,float64,1.0,0
away_lineup_defense_delta,no_odds,float64,1.0,0
away_lineup_coverage,no_odds,float64,0.0,1
away_lineup_continuity,no_odds,float64,1.0,0
away_lineup_missing_starter_value,no_odds,float64,1.0,0
away_lineup_bench_attack,no_odds,float64,1.0,0
away_lineup_bench_defense,no_odds,float64,1.0,0
away_lineup_is_confirmed,no_odds,float64,0.0,1
away_confirmed_lineup_attack_delta,no_odds,float64,1.0,0
away_confirmed_lineup_defense_delta,no_odds,float64,1.0,0
away_confirmed_lineup_coverage,no_odds,float64,1.0,0
away_keeper_strength,no_odds,float64,1.0,0
away_keeper_effective_minutes,no_odds,float64,1.0,0
away_keeper_shots_on_target_faced,no_odds,float64,1.0,0
away_keeper_start_probability,no_odds,float64,1.0,0
away_keeper_claim_rate,excluded,float64,1.0,0
away_keeper_distribution_accuracy,excluded,float64,1.0,0
away_keeper_vaep_defensive,no_odds,float64,1.0,0
away_keeper_sweeper_actions,excluded,float64,1.0,0
home_lineup_status,excluded,str,0.0,1
away_lineup_status,excluded,str,0.0,1
home_keeper_id,excluded,float64,1.0,0
away_keeper_id,excluded,float64,1.0,0
field_tilt_gap,no_odds,float64,1.0,0
direct_speed_gap,no_odds,float64,1.0,0
home_press_vs_away_buildup,no_odds,float64,1.0,0
home_territory_pressure,no_odds,float64,1.0,0
home_creation_quality,no_odds,float64,1.0,0
away_press_vs_home_buildup,no_odds,float64,1.0,0
away_territory_pressure,no_odds,float64,1.0,0
away_creation_quality,no_odds,float64,1.0,0
feature_observed_at,excluded,float64,1.0,0
home_shot_quality_ewm10,no_odds,float64,1.0,0
away_shot_quality_ewm10,no_odds,float64,1.0,0
Season,excluded,str,0.0,6
HomeTeamPointsLast5,no_odds,float64,0.009969325153374233,15
AwayTeamPointsLast5,no_odds,float64,0.00843558282208589,15
HomeRestDays,no_odds,float64,0.009969325153374233,258
AwayRestDays,no_odds,float64,0.00843558282208589,257
HomeGoalsAve,excluded,float64,0.009969325153374233,29
AwayGoalsAve,excluded,float64,0.00843558282208589,30
feature_timestamp,excluded,str,0.0,1193
